School_id,School_name,Country_id,Country_name,State_id,State_name,City_id,City_name,District_id,District_name,District_region_id,_District_region_name,Area_id,Area_name,Pincode
1837,Shree chandulal Nanavati Vinay mandir,1,India,4,Maharashtra,9,Pune,14,Pune,3439,Mumbai Suburban,,,400098
1729,Creative English Medium School,1,India,4,Maharashtra,9,Pune,14,Pune,2103,Katraj,,,411048
1726,Trinity International School,1,India,4,Maharashtra,9,Pune,14,Pune,3440,Yewalewadi,,,411048
1601,Global Talent International School,1,India,4,Maharashtra,9,Pune,14,Pune,1932,Chikhali,,,411019
1582,Disney Kids Pre School,1,India,4,Maharashtra,9,Pune,14,Pune,2246,Moshi,,,412105
1581,Disney International School,1,India,4,Maharashtra,9,Pune,14,Pune,2246,Moshi,,,412105
1444,ORCHIDS The International School,1,India,4,Maharashtra,9,Pune,14,Pune,2103,Katraj,,,411046
1443,Symbiosis International School,1,India,4,Maharashtra,9,Pune,14,Pune,3441,Viman Nagar,,,411014
1442,Sarhad School,1,India,4,Maharashtra,9,Pune,14,Pune,2103,Katraj,,,411046
1441,Bharati Vidyapeeth English Medium High School,1,India,4,Maharashtra,9,Pune,14,Pune,1966,Dhankawadi,,,411043
1440,"DAV Public School, Anundh",1,India,4,Maharashtra,9,Pune,14,Pune,1859,Aundh,,,411007
1439,"Tree House High School, Kondhwa",1,India,4,Maharashtra,9,Pune,14,Pune,2158,Kondhwa,,,411048
1438,Noble Kids School,1,India,4,Maharashtra,9,Pune,14,Pune,2158,Kondhwa,,,411048
1437,Vidyanchal School,1,India,4,Maharashtra,9,Pune,14,Pune,1859,Aundh,,,411067
1436,St. Arnold's Central School,1,India,4,Maharashtra,9,Pune,14,Pune,3442,Wadgaon Sheri,,,411014
1435,Spicer Higher Secondary School,1,India,4,Maharashtra,9,Pune,14,Pune,1990,Ganeshkhind,,,411007
1434,"City International School, Anundh",1,India,4,Maharashtra,9,Pune,14,Pune,1859,Aundh,,,411007
1433,"Aaryans World School, Warje",1,India,4,Maharashtra,9,Pune,14,Pune,2570,Warje,,,411052
1432,"City International School, Kothrud",1,India,4,Maharashtra,9,Pune,14,Pune,2165,Kothrud,,,411038
1431,R&DE(Engrs.) English Medium School,1,India,4,Maharashtra,9,Pune,14,Pune,2059,Kalas,,,411015
1430,"Army Public School, Dighi",1,India,4,Maharashtra,9,Pune,14,Pune,1972,Dighi,,,411015
1429,"VIBGYOR High School, Magarpatta",1,India,4,Maharashtra,9,Pune,14,Pune,3444,Magarpatta City,,,411013
1428,"P. Jog English And Marathi Medium School, Anand Nagar",1,India,4,Maharashtra,9,Pune,14,Pune,1843,Anand Nagar,,,411029
1427,New Grace English School,1,India,4,Maharashtra,9,Pune,14,Pune,2158,Kondhwa,,,411048
1426,"New India School, Kothrud",1,India,4,Maharashtra,9,Pune,14,Pune,1909,Bhusari Colony,,,411038
1425,Sungrace High School And Junior College,1,India,4,Maharashtra,9,Pune,14,Pune,2569,Wanowrie,,,411040
1424,The Bishop's School,1,India,4,Maharashtra,9,Pune,14,Pune,3447,Yerawada,,,411001
1423,St. Mathews Academy And Junior College,1,India,4,Maharashtra,9,Pune,14,Pune,2158,Kondhwa,,,411048
1422,Blooming Buds School,1,India,4,Maharashtra,9,Pune,14,Pune,3448,Balaji Nagar,,,411043
1421,Pune Cambridge Public School,1,India,4,Maharashtra,9,Pune,14,Pune,1966,Dhankawadi,,,411043
1420,Mahesh Vidyalaya English Medium School,1,India,4,Maharashtra,9,Pune,14,Pune,2165,Kothrud,,,411038
1419,"Tree House High School, Karve Nagar",1,India,4,Maharashtra,9,Pune,14,Pune,2094,Karve Nagar,,,411052
1418,Sinhgad Spring Dale Public School,1,India,4,Maharashtra,9,Pune,14,Pune,2523,Vadgaon Budruk,,,411041
1417,SNBP School And College,1,India,4,Maharashtra,9,Pune,14,Pune,3447,Yerawada,,,411006
1416,Chate Public School,1,India,4,Maharashtra,9,Pune,14,Pune,1966,Dhankawadi,,,411043
1415,New Dawn High School,1,India,4,Maharashtra,9,Pune,14,Pune,2158,Kondhwa,,,411048
1414,Millennium National School,1,India,4,Maharashtra,9,Pune,14,Pune,2094,Karve Nagar,,,411052
1413,"Aaryans World School, Anand Nagar",1,India,4,Maharashtra,9,Pune,14,Pune,1843,Anand Nagar,,,411051
1412,The Lexicon International School,1,India,4,Maharashtra,9,Pune,14,Pune,3450,Kalyani Nagar,,,411006
1411,Dr.(Mrs.) Erin N Nagarvala School,1,India,4,Maharashtra,9,Pune,14,Pune,3450,Kalyani Nagar,,,411006
1410,Paranjape Vidya Mandir,1,India,4,Maharashtra,9,Pune,14,Pune,2165,Kothrud,,,411038
1409,Paranjape Nursery School,1,India,4,Maharashtra,9,Pune,14,Pune,2165,Kothrud,,,411038
1408,Don Bosco High School,1,India,4,Maharashtra,9,Pune,14,Pune,3447,Yerawada,,,411006
1407,Dnyanganga English Medium School,1,India,4,Maharashtra,9,Pune,14,Pune,3451,Hingne Khurd,,,411051
1406,"City International School, Wanowrie",1,India,4,Maharashtra,9,Pune,14,Pune,3446,Wanowrie,,,411040
1405,"VIBGYOR High School, Yerawada",1,India,4,Maharashtra,9,Pune,14,Pune,3447,Yerawada,,,411006
1404,"St. Xavier's School, Hingne Khurd",1,India,4,Maharashtra,9,Pune,14,Pune,3451,Hingne Khurd,,,411051
1403,Zeal Silvercrest School,1,India,4,Maharashtra,9,Pune,14,Pune,3451,Hingne Khurd,,,411051
1402,MAEER's Vishwashanti Gurukul School,1,India,4,Maharashtra,9,Pune,14,Pune,2165,Kothrud,,,411038
1401,"New India School, Bhangel",1,India,4,Maharashtra,9,Pune,14,Pune,2165,Kothrud,,,411038
1400,Bal Shikshan Mandir English Medium School,1,India,4,Maharashtra,9,Pune,14,Pune,2165,Kothrud,,,411038
1399,St. Joseph High School,1,India,4,Maharashtra,9,Pune,14,Pune,3452,Pashan,,,411008
1398,"P. Jog English And Marathi Medium School, Kothrud",1,India,4,Maharashtra,9,Pune,14,Pune,2165,Kothrud,,,411051
1397,St Joseph's Convent Girl's School,1,India,4,Maharashtra,9,Pune,14,Pune,2115,Khadki,,,411003
1396,Loyola High School And Junior College,1,India,4,Maharashtra,9,Pune,14,Pune,3452,Pashan,,,411008
1395,"Army Public School, Ghorpadi",1,India,4,Maharashtra,9,Pune,14,Pune,3453,Ghorpadi,,,411001
1394,"Aaryans World School, Bibvewadi",1,India,4,Maharashtra,9,Pune,14,Pune,1912,Bibvewadi,,,411037
1393,"Abhinava Vidyalaya English Medium Primary School, Chitranjan Park",1,India,4,Maharashtra,9,Pune,14,Pune,3454,Erandwane,,,411038
1392,KHS Secondary School,1,India,4,Maharashtra,9,Pune,14,Pune,3454,Erandwane,,,411038
1391,"Army Public School, Khadki",1,India,4,Maharashtra,9,Pune,14,Pune,2115,Khadki,,,411037
1390,Hume Mchenry Memorial High School And Junior College,1,India,4,Maharashtra,9,Pune,14,Pune,2410,Salisbury Park,,,411037
1389,Muktangan English School And Junior College,1,India,4,Maharashtra,9,Pune,14,Pune,2005,Parvati,,,411009
1388,Aksharnandan School,1,India,4,Maharashtra,9,Pune,14,Pune,2005,Gokhalenagar,,,411016
1387,Sevasadan English Medium School,1,India,4,Maharashtra,9,Pune,14,Pune,2005,Gokhalenagar,,,411004
1386,Crescent High School And Junior College,1,India,4,Maharashtra,9,Pune,14,Pune,2410,Near Salisbury Park,,,411028
1385,Hutchings High School & Junior College,1,India,4,Maharashtra,9,Pune,14,Pune,3456,Pune Cantonment,,,411040
1384,Vikhe Patil Memorial School,1,India,4,Maharashtra,9,Pune,14,Pune,3457,Patrakar Nagar,,,411016
1383,"St. Mary's School, General Bhagat Marg",1,India,4,Maharashtra,9,Pune,14,Pune,3458,General Bhagat Marg,,,411001
1382,Rajiv Gandhi Academy of e-Learning,1,India,4,Maharashtra,9,Pune,14,Pune,2452,Shivajinagar,,,411005
1381,"Abhinava Vidyalaya English Medium Pre-Primary School, Erandwane",1,India,4,Maharashtra,9,Pune,14,Pune,3454,Erandwane,,,411004
1380,"Abhinava Vidyalaya English Medium High School, Dayanand Nagar",1,India,4,Maharashtra,9,Pune,14,Pune,3459,Dayanand Nagar,,,411004
1379,S.E.S. Gurukul School,1,India,4,Maharashtra,9,Pune,14,Pune,3460,Ashok Nagar,,,411016
1378,Saraswati Educational Society's Gurukul School,1,India,4,Maharashtra,9,Pune,14,Pune,3460,Ashok Nagar,,,411016
1377,Chhabria Nursery School,1,India,4,Maharashtra,9,Pune,14,Pune,2452,Shivajinagar,,,411016
1376,St. Anthony High School,1,India,4,Maharashtra,9,Pune,14,Pune,3461,Camp Pune,,,411001
1375,Sulochana Natu Vidya Mandir,1,India,4,Maharashtra,9,Pune,14,Pune,2452,Shivajinagar,,,411016
1374,Maharashtra Vidya Mandal,1,India,4,Maharashtra,9,Pune,14,Pune,3454,Erandwane,,,411004
1373,Symbiosis Primary And Secondary School,1,India,4,Maharashtra,9,Pune,14,Pune,1953,Deccan Gymkhana,,,411004
1372,Dr. Kalmadi Shamarao High School Primary Section,1,India,4,Maharashtra,9,Pune,14,Pune,3454,Erandwane,,,411038
1371,Sardar Dastur Hormazdiar High School,1,India,4,Maharashtra,9,Pune,14,Pune,3461,Camp Pune,,,411001
1370,Bai Najamai Nosherwan Dastur Primary and Nursery School,1,India,4,Maharashtra,9,Pune,14,Pune,3461,Camp Pune,,,411001
1369,Sri Sri Ravishankar Bal Mandir,1,India,4,Maharashtra,9,Pune,14,Pune,3462,Navi Peth,,,411030
1368,Sardar Dastur Hoshang Boys' High School,1,India,4,Maharashtra,9,Pune,14,Pune,3463,Camp,,,411001
1367,Vidya Bhavan High School and Junior College,1,India,4,Maharashtra,9,Pune,14,Pune,2452,Shivajinagar,,,411016
1366,St. Anne's High School,1,India,4,Maharashtra,9,Pune,14,Pune,3463,Camp,,,411001
1365,St. Vincent's High School,1,India,4,Maharashtra,9,Pune,14,Pune,3463,Camp,,,411001
1364,S.M. Choksey High School and Junior College,1,India,4,Maharashtra,9,Pune,14,Pune,3463,Camp,,,411001
1363,St. Helena's School,1,India,4,Maharashtra,9,Pune,14,Pune,3464,Agarkar Nagar,,,411001
1362,Jnana Prabodhini Prashala,1,India,4,Maharashtra,9,Pune,14,Pune,2403,Sadashiv Peth,,,411030
1361,Pune Police Public School,1,India,4,Maharashtra,9,Pune,14,Pune,2452,Shivajinagar,,,411005
1360,M E S Boys High School & Junior College,1,India,4,Maharashtra,9,Pune,14,Pune,2403,Sadashiv Peth,,,411030
1359,"Modern High School & Junior College, Pashan",1,India,4,Maharashtra,9,Pune,14,Pune,3452,Pashan,,,411016
1358,The Andhra High School,1,India,4,Maharashtra,9,Pune,14,Pune,1953,Deccan Gymkhana,,,411004
1357,"Modern High School, Shivajinagar",1,India,4,Maharashtra,9,Pune,14,Pune,2403,Shivajinagar,,,411005
1356,Shri Shivaji Preparatory Military School,1,India,4,Maharashtra,9,Pune,14,Pune,2403,Shivajinagar,,,411005
1355,Sai Balaji Public School,1,India,4,Maharashtra,9,Pune,14,Pune,2037,Hinjawadi,,,411033
1802,Dav public school,1,India,3,Haryana,7,Faridabad,12,Faridabad,3375,Vinay Nagar,,,121003
1764,Vidsan Chatterhouse,1,India,3,Haryana,7,Faridabad,12,Faridabad,3376,Sector 93,,,121002
1763,Vidya Sanskar International School,1,India,3,Haryana,7,Faridabad,12,Faridabad,3377,Sector-88,,,121002
1762,Modern Delhi Public School,1,India,3,Haryana,7,Faridabad,12,Faridabad,3409,Neharpar,,,121002
1761,Modern Vidya Niketan School,1,India,3,Haryana,7,Faridabad,12,Faridabad,3385,Sector-17,,,121002
1760,"Delhi Public School, Faridabad",1,India,3,Haryana,7,Faridabad,12,Faridabad,3379,Sector-81,,,121004
1759,Manav Rachna International School,1,India,3,Haryana,7,Faridabad,12,Faridabad,3380,sector-14,,,121002
1725,Manav Sanskar Public School,1,India,3,Haryana,7,Faridabad,12,Faridabad,3381,Sector 87,,,121003
1600,Kalka Public School,1,India,3,Haryana,7,Faridabad,12,Faridabad,3382,Sector 76,,,121004
1574,Suraj school,1,India,3,Haryana,7,Faridabad,12,Faridabad,1466,Sector 56,,,121004
1546,Vrinda International School,1,India,3,Haryana,7,Faridabad,12,Faridabad,3383,Sector 48,,,121001
1545,S.S.M. Senior Secondary School,1,India,3,Haryana,7,Faridabad,12,Faridabad,3385,Sector 37,,,121003
1544,"Modern School, Rishab Vihar",1,India,3,Haryana,7,Faridabad,12,Faridabad,3384,Sector 17,,,121002
1543,Dudes & Dolls - The Cosmic School,1,India,3,Haryana,7,Faridabad,12,Faridabad,3383,Sector 48,,,121001
1542,Rose Valley International School,1,India,3,Haryana,7,Faridabad,12,Faridabad,3386,Nangla Gujran,,,121004
1541,Emerald International School,1,India,3,Haryana,7,Faridabad,12,Faridabad,3387,Sector 31,,,121003
1540,Sanskriti Convent School,1,India,3,Haryana,7,Faridabad,12,Faridabad,1589,Tigaon,,,121001
1539,"Vardhman International Public School, Sector 46",1,India,3,Haryana,7,Faridabad,12,Faridabad,3388,Sector 46,,,121001
1538,Arqam Academy Senior Secondary School,1,India,3,Haryana,7,Faridabad,12,Faridabad,3389,Fatehpur Taga,,,121002
1537,"Modern International Senior Secondary School, Jasana",1,India,3,Haryana,7,Faridabad,12,Faridabad,3390,"Sector 96, Jasana",,,121101
1536,Senior Shreeram Model High School,1,India,3,Haryana,7,Faridabad,12,Faridabad,3391,New Industrial Township (NIT),,,121005
1535,JK Public School,1,India,3,Haryana,7,Faridabad,12,Faridabad,3392,Dheeraj nagar,,,121003
1534,DAV Police Public School,1,India,3,Haryana,7,Faridabad,12,Faridabad,3393,Sector 30,,,121003
1533,"Vivekanand International School, Dilshad Garden",1,India,3,Haryana,7,Faridabad,12,Faridabad,3394,Sector 8,,,121006
1532,Nav Jyoti Senior Secondary School,1,India,3,Haryana,7,Faridabad,12,Faridabad,1519,Fatehpur Billoch,,,121004
1531,SMS Convent School,1,India,3,Haryana,7,Faridabad,12,Faridabad,1491,Chandpur,,,121001
1530,A.V.N Senior Secondary School,1,India,3,Haryana,7,Faridabad,12,Faridabad,3395,Sector 19,,,121001
1529,DPSG,1,India,3,Haryana,7,Faridabad,12,Faridabad,3396,Sikri,,,121004
1528,Surajkund International School,1,India,3,Haryana,7,Faridabad,12,Faridabad,3397,Surajkund Road,,,121009
1527,Haritima Academy,1,India,3,Haryana,7,Faridabad,12,Faridabad,3398,Sector 3,,,121004
1526,Tarun Niketan Public School,1,India,3,Haryana,7,Faridabad,12,Faridabad,3399,Palla,,,121004
1525,Northland International School,1,India,3,Haryana,7,Faridabad,12,Faridabad,3393,Sector 30,,,121003
1524,KCM Public School,1,India,3,Haryana,7,Faridabad,12,Faridabad,1483,Banchari,,,121106
1523,Modern BP Public School,1,India,3,Haryana,7,Faridabad,12,Faridabad,3400,Sector 23,,,121005
1522,G.B. Public Senior Secondary School,1,India,3,Haryana,7,Faridabad,12,Faridabad,1590,Tilpat,,,121003
1521,Modern Shanti Niketan Public School,1,India,3,Haryana,7,Faridabad,12,Faridabad,3401,Sector 21A,,,121003
1519,Shirdi Sai Baba School,1,India,3,Haryana,7,Faridabad,12,Faridabad,3402,Sector 86,,,121002
1518,Ashirwad Public High School,1,India,3,Haryana,7,Faridabad,12,Faridabad,3403,Sector 21D,,,121001
1517,Sumer Singh Public School,1,India,3,Haryana,7,Faridabad,12,Faridabad,1570,Pali,,,121004
1516,Saint Brij Mohan Lal Senior Secondary School,1,India,3,Haryana,7,Faridabad,12,Faridabad,1472,Anangpur,,,121003
1515,Modish Public School,1,India,3,Haryana,7,Faridabad,12,Faridabad,1533,Hathin,,,121103
1514,Modern Arya Public School,1,India,3,Haryana,7,Faridabad,12,Faridabad,3404,Saroorpur,,,121004
1513,Shanti Niketan Public School,1,India,3,Haryana,7,Faridabad,12,Faridabad,3405,Sector 49,,,121001
1512,Deeksha Public School,1,India,3,Haryana,7,Faridabad,12,Faridabad,3406,Sector 91,,,121013
1511,Mukul Convent School,1,India,3,Haryana,7,Faridabad,12,Faridabad,3402,Sector 86,,,121002
1510,Urmila Vidya Niketan School,1,India,3,Haryana,7,Faridabad,12,Faridabad,3407,Sector 52,,,121005
1509,Nav Jiwan Public School,1,India,3,Haryana,7,Faridabad,12,Faridabad,3408,Sector 10,,,121004
1508,"Presidium School, Sikri",1,India,3,Haryana,7,Faridabad,12,Faridabad,3396,Sikri,,,121004
1507,Saraswati Modern Public School,1,India,3,Haryana,7,Faridabad,12,Faridabad,1560,Mohna,,,121004
1506,"Manav Sanskar Public School, Neharpar",1,India,3,Haryana,7,Faridabad,12,Faridabad,3409,Neharpar,,,121003
1505,St. Columbus School,1,India,3,Haryana,7,Faridabad,12,Faridabad,3397,Surajkund Road,,,121009
1504,V.M. Senior Secondary School,1,India,3,Haryana,7,Faridabad,12,Faridabad,3411,Jawahar Colony,,,121005
1503,Mahadev Desai Public School,1,India,3,Haryana,7,Faridabad,12,Faridabad,1510,Sector 16 A,,,121002
1502,John F. Kennedy Public School,1,India,3,Haryana,7,Faridabad,12,Faridabad,3411,Sector 28,,,121008
1501,DC Model Senior Secondary School,1,India,3,Haryana,7,Faridabad,12,Faridabad,3412,Sector 9,,,121006
1500,"Jaypee Public School, Surya Vihar",1,India,3,Haryana,7,Faridabad,12,Faridabad,3406,Sector 91,,,121003
1499,Shiksha Bharti Public School,1,India,3,Haryana,7,Faridabad,12,Faridabad,3413,Pakhal,,,121001
1498,Gold Field Public School,1,India,3,Haryana,7,Faridabad,12,Faridabad,3401,Sector 21A,,,121001
1497,Faridabad Model School,1,India,3,Haryana,7,Faridabad,12,Faridabad,3387,Sector 31,,,121002
1496,Apeejay Svran Global School,1,India,3,Haryana,7,Faridabad,12,Faridabad,3403,Sector 21D,,,121002
1495,Aggarwal Public School,1,India,3,Haryana,7,Faridabad,12,Faridabad,3398,Sector 3,,,121004
1494,Divine Public School,1,India,3,Haryana,7,Faridabad,12,Faridabad,3412,Sector 9,,,121001
1493,Doon Bharti Public Senior Secondary School,1,India,3,Haryana,7,Faridabad,12,Faridabad,3414,Sehatpur,,,121003
1492,"Modern Public School, Ashoka Enclave",1,India,3,Haryana,7,Faridabad,12,Faridabad,3385,Sector 37,,,121003
1491,Jiva Public School,1,India,3,Haryana,7,Faridabad,12,Faridabad,3415,sector 21B,,,121001
1490,Ideal Public School,1,India,3,Haryana,7,Faridabad,12,Faridabad,3416,Agwanpur,,,121013
1489,A.D. Senior Secondary School,1,India,3,Haryana,7,Faridabad,12,Faridabad,3391,New Industrial Township (NIT),,,121001
1488,B N Public School,1,India,3,Haryana,7,Faridabad,12,Faridabad,3417,Sector 2C,,,121001
1487,G.B.L Convent School,1,India,3,Haryana,7,Faridabad,12,Faridabad,3383,Sector 48,,,121004
1486,Blue Bird Senior Secondary School,1,India,3,Haryana,7,Faridabad,12,Faridabad,3383,Sector 48,,,121001
1485,GBN Senior Secondary School,1,India,3,Haryana,7,Faridabad,12,Faridabad,3403,Sector 21D,,,121001
1484,Satyug Darshan Vidyalaya,1,India,3,Haryana,7,Faridabad,12,Faridabad,3418,Vasundhara,,,121002
1483,Lingaya's Public School,1,India,3,Haryana,7,Faridabad,12,Faridabad,3419,Kanwara,,,121002
1482,Heritage Global School,1,India,3,Haryana,7,Faridabad,12,Faridabad,3420,Samaypur Dhauj,,,121004
1481,Rawal International School,1,India,3,Haryana,7,Faridabad,12,Faridabad,3421,Nangla,,,121004
1480,Modern Convent School,1,India,3,Haryana,7,Faridabad,12,Faridabad,3422,Sector 46,,,121003
1478,Gita Bal Niketan Senior Secondary School,1,India,3,Haryana,7,Faridabad,12,Faridabad,3423,New Industrial Township (NIT),,,121001
1477,Ashok Memorial Public School,1,India,3,Haryana,7,Faridabad,12,Faridabad,3424,Sector 34,,,121003
1476,Scholars Pride,1,India,3,Haryana,7,Faridabad,12,Faridabad,3423,Sector 16,,,121002
1475,SOS Hermann Gmeiner School,1,India,3,Haryana,7,Faridabad,12,Faridabad,3424,Sector 29,,,121008
1474,Saffron Public School,1,India,3,Haryana,7,Faridabad,12,Faridabad,3385,Sector 37,,,121003
1473,Pinewood International Boarding School,1,India,3,Haryana,7,Faridabad,12,Faridabad,3425,Main Sohna Road,,,121004
1472,"Vidya Niketan School, Vikas Marg",1,India,3,Haryana,7,Faridabad,12,Faridabad,3423,New Industrial Township (NIT),,,121001
1471,K.L. Mehta Dayanand Public Senior Secondary School,1,India,3,Haryana,7,Faridabad,12,Faridabad,3426,Sector 7C,,,121006
1470,"Sant Nirankari Public School, Faridabad",1,India,3,Haryana,7,Faridabad,12,Faridabad,3430,Sector 16 A,,,121002
1469,Homerton Grammar School,1,India,3,Haryana,7,Faridabad,12,Faridabad,3401,Sector 21A,,,121001
1468,A.P Senior Secondary School,1,India,3,Haryana,7,Faridabad,12,Faridabad,3400,Sector 23,,,121005
1467,Eicher School,1,India,3,Haryana,7,Faridabad,12,Faridabad,3388,Sector 46,,,121001
1466,"St. Mary's Convent School, Tigaon Road",1,India,3,Haryana,7,Faridabad,12,Faridabad,3427,Sector 82,,,121004
1465,"The Shriram Millennium School, Faridabad",1,India,3,Haryana,7,Faridabad,12,Faridabad,3428,Sector 81,,,121004
1464,The Modern School,1,India,3,Haryana,7,Faridabad,12,Faridabad,3429,Sector 85,,,121002
1463,Prince Senior Secondary School,1,India,3,Haryana,7,Faridabad,12,Faridabad,3423,New Industrial Township (NIT),,,121005
1462,Grand Columbus International School,1,India,3,Haryana,7,Faridabad,12,Faridabad,3430,Sector 16A,,,121002
1461,Dynasty International School,1,India,3,Haryana,7,Faridabad,12,Faridabad,3411,Sector 28,,,121008
1460,"Apeejay School, Faridabad",1,India,3,Haryana,7,Faridabad,12,Faridabad,3431,Sector 15,,,121007
1459,"Ryan International School, Faridabad",1,India,3,Haryana,7,Faridabad,12,Faridabad,3415,Sector 21B,,,121001
1458,Vidya Mandir Public School,1,India,3,Haryana,7,Faridabad,12,Faridabad,3432,Sector 15 A,,,121007
1457,St. Thomas Senior Secondary School,1,India,3,Haryana,7,Faridabad,12,Faridabad,3394,Sector 8,,,121006
1456,St. Joseph's Convent School,1,India,3,Haryana,7,Faridabad,12,Faridabad,3433,Sector 5,,,121001
1455,"Delhi Public School, Faridabad",1,India,3,Haryana,7,Faridabad,12,Faridabad,3434,Sector 11D,,,121006
1454,"St. Anthony's Secondary School, Faridabad",1,India,3,Haryana,7,Faridabad,12,Faridabad,3376,Sector 93,,,121006
1453,Aravali International School,1,India,3,Haryana,7,Faridabad,12,Faridabad,3435,Sector 43,,,121003
1452,"DAV Public School, Dabua Colony",1,India,3,Haryana,7,Faridabad,12,Faridabad,3436,KL Mehta Road,,,121001
1451,"Carmel Convent School, Fatehpur Taga",1,India,3,Haryana,7,Faridabad,12,Faridabad,3437,Sector 7,,,121006
1450,Modern Vidya Niketan,1,India,3,Haryana,7,Faridabad,12,Faridabad,3435,Sector 43,,,121010
1449,"Manav Rachna International School, Charmwood Village",1,India,3,Haryana,7,Faridabad,12,Faridabad,1586,Surajkund Road,,,121009
1448,St. Peter's School,1,India,3,Haryana,7,Faridabad,12,Faridabad,1510,Sector 16 A,,,121008
1447,St. Albans School,1,India,3,Haryana,7,Faridabad,12,Faridabad,1508,Sector 15,,,121007
1446,"St. John's School, Faridabad",1,India,3,Haryana,7,Faridabad,12,Faridabad,3405,Sector 49,,,121001
1445,Holy Child Public School,1,India,3,Haryana,7,Faridabad,12,Faridabad,3438,Sector 75,,,121004
292,"Dynasty International School, Faridabad",1,India,3,Haryana,7,Faridabad,12,Faridabad,3411,Sector 28,,,121008
274,D.C. Model Sr. Sec. School,1,India,3,Haryana,7,Faridabad,12,Faridabad,1517,Sector  9,,,121006
268,"Vardhman International Public School, Faridabad",1,India,3,Haryana,7,Faridabad,12,Faridabad,3388,Sector-46,,,121010
1838,Saraswati vidya niketan,1,India,1,Delhi,1,Delhi,1,North Delhi,31,Wazirabad,,,110084
1716,"JOSEPH AND MARY PUBLIC SCHOOL, Burari",1,India,1,Delhi,1,Delhi,1,North Delhi,4,Burari,,,110084
520,Joseph And Mary Public School,1,India,1,Delhi,1,Delhi,1,North Delhi,4,Burari,,,110084
519,St. John's Convent School,1,India,1,Delhi,1,Delhi,1,North Delhi,4,Burari,,,110084
518,D.K. Convent School,1,India,1,Delhi,1,Delhi,1,North Delhi,4,Burari,,,110084
517,Oscar Public School,1,India,1,Delhi,1,Delhi,1,North Delhi,4,Burari,,,110084
516,Rukmani Devi Jaipuria Public School,1,India,1,Delhi,1,Delhi,1,North Delhi,8,Civil Lines,,,110054
515,Anubhav Public School,1,India,1,Delhi,1,Delhi,1,North Delhi,4,Burari,,,110084
514,St. Mother Teresa Public School,1,India,1,Delhi,1,Delhi,1,North Delhi,4,Burari,,,110084
513,Murti Devi Public School,1,India,1,Delhi,1,Delhi,1,North Delhi,4,Burari,,,110084
512,Mount Olivet Senior Secondary School,1,India,1,Delhi,1,Delhi,1,North Delhi,4,Burari,,,110084
511,Little Star Convent School,1,India,1,Delhi,1,Delhi,1,North Delhi,4,Burari,,,110084
510,Manava Bhawna Public School,1,India,1,Delhi,1,Delhi,1,North Delhi,4,Burari,,,110084
509,Bud's Paradise School,1,India,1,Delhi,1,Delhi,1,North Delhi,4,Burari,,,110084
508,Rani Public School,1,India,1,Delhi,1,Delhi,1,North Delhi,4,Burari,,,110084
507,Virendra Public School,1,India,1,Delhi,1,Delhi,1,North Delhi,30,Timarpur,,,110054
506,Presentation Convent Senior Secondary School,1,India,1,Delhi,1,Delhi,1,North Delhi,6,Chandni Chowk,,,110006
505,Savita Public School,1,India,1,Delhi,1,Delhi,1,North Delhi,31,Wazirabad,,,110084
504,D.V.S. Public School,1,India,1,Delhi,1,Delhi,1,North Delhi,4,Burari,,,110084
503,Apex Public School,1,India,1,Delhi,1,Delhi,1,North Delhi,4,Burari,,,110084
502,Baankura Public School,1,India,1,Delhi,1,Delhi,1,North Delhi,4,Burari,,,110084
501,Rama Public School,1,India,1,Delhi,1,Delhi,1,North Delhi,31,Wazirabad,,,110084
500,Nalanda Modern Public School,1,India,1,Delhi,1,Delhi,1,North Delhi,4,Burari,,,110084
499,Jesus Grace Modern School,1,India,1,Delhi,1,Delhi,1,North Delhi,4,Burari,,,110084
498,Lilawati Vidya Mandir Senior Secondary School,1,India,1,Delhi,1,Delhi,1,North Delhi,29,Shakti Nagar,,,110007
497,Virmani Public School,1,India,1,Delhi,1,Delhi,1,North Delhi,26,Roop Nagar,,,110007
496,St. Xavier's Senior Secondary School,1,India,1,Delhi,1,Delhi,1,North Delhi,8,Civil Lines,,,110054
418,Scholars' Home,1,India,2,UttarPradesh,2,Lucknow,2,Lucknow,135,Gomtinagar,,,226010
320,Play Way Academy,1,India,2,UttarPradesh,2,Lucknow,2,Lucknow,135,Gomtinagar,,,226010
306,J.P. Convent High School,1,India,2,UttarPradesh,2,Lucknow,2,Lucknow,167,Jankipuram,,,226021
301,"City International School, Abhishekpuram",1,India,2,UttarPradesh,2,Lucknow,2,Lucknow,153,Indira Nagar,,,226016
300,Capital Convent School,1,India,2,UttarPradesh,2,Lucknow,2,Lucknow,167,Jankipuram,,,226021
299,Shanti Juniors Gomti Nagar,1,India,2,UttarPradesh,2,Lucknow,2,Lucknow,135,Gomtinagar,,,226010
298,National Children Academy,1,India,2,UttarPradesh,2,Lucknow,2,Lucknow,44,Aliganj,,,226024
296,Little Champs Pre School,1,India,2,UttarPradesh,2,Lucknow,2,Lucknow,312,Vikas Nagar,,,226022
277,Real Roots Academy,1,India,2,UttarPradesh,2,Lucknow,2,Lucknow,175,Kalyanpur,,,226022
276,Maharaja Agrasen Public School,1,India,2,UttarPradesh,2,Lucknow,2,Lucknow,166,Jankipuram Extension,,,226031
273,"Sanfort Play School, Vishalkhand",1,India,2,UttarPradesh,2,Lucknow,2,Lucknow,135,Gomtinagar,,,226010
679,Shri Guru Ram Rai Saraswati Shishu Mandir,1,India,1,Delhi,1,Delhi,3,Central Delhi,353,Pahar Ganj,,,110055
678,Anglo Arabic Model School,1,India,1,Delhi,1,Delhi,3,Central Delhi,320,Ajmeri Gate,,,110006
677,Bhai Joga Singh Public School,1,India,1,Delhi,1,Delhi,3,Central Delhi,344,Karol Bagh,,,110005
676,Shakti Mandir Premwati Public School,1,India,1,Delhi,1,Delhi,3,Central Delhi,330,Darya Ganj,,,110002
675,"Guru Harkrishan Public School, Karol Bagh",1,India,1,Delhi,1,Delhi,3,Central Delhi,344,Karol Bagh,,,110005
674,C.L. Bhalla Dayanand Model School,1,India,1,Delhi,1,Delhi,3,Central Delhi,344,Karol Bagh,,,110005
673,"Saraswati Bal Mandir Secondary School, Pahar Ganj",1,India,1,Delhi,1,Delhi,3,Central Delhi,353,Pahar Ganj,,,110055
672,Crescent School,1,India,1,Delhi,1,Delhi,3,Central Delhi,330,Darya Ganj,,,110002
671,Saraswati Vidyalaya,1,India,1,Delhi,1,Delhi,3,Central Delhi,330,Darya Ganj,,,110002
670,Vardhaman Shiksha Mandir,1,India,1,Delhi,1,Delhi,3,Central Delhi,330,Darya Ganj,,,110002
668,Happy School,1,India,1,Delhi,1,Delhi,3,Central Delhi,330,Darya Ganj,,,110002
667,Gyan Devi Salwan Public School,1,India,1,Delhi,1,Delhi,3,Central Delhi,362,Rajender Nagar,,,110060
665,J.D. Tytler School,1,India,1,Delhi,1,Delhi,3,Central Delhi,362,Rajender Nagar,,,110060
664,Manav Sthali School,1,India,1,Delhi,1,Delhi,3,Central Delhi,362,Rajender Nagar,,,110060
663,Ramjas Public School,1,India,1,Delhi,1,Delhi,3,Central Delhi,321,Anand Parbat,,,110005
662,"Salwan Public School, Rajender Nagar",1,India,1,Delhi,1,Delhi,3,Central Delhi,362,Rajender Nagar,,,110060
660,"Bal Bharati Public School, Rajender Nagar",1,India,1,Delhi,1,Delhi,3,Central Delhi,362,Rajender Nagar,,,110060
1829,Leena sethi,1,India,1,Delhi,1,Delhi,3,Central Delhi,356,Patel Nagar (Central Delhi),,,110008
1828,P.P.D.A.V.Public school,1,India,1,Delhi,1,Delhi,3,Central Delhi,344,Karol Bagh,,,110005
1798,Modern school,1,India,1,Delhi,1,Delhi,3,Central Delhi,357,Patel Nagar south,,,110008
1648,Salwan Boys Sr. Secondary School,1,India,1,Delhi,1,Delhi,3,Central Delhi,362,Rajender Nagar,,,110060
1646,Modern Cambridge School,1,India,1,Delhi,1,Delhi,3,Central Delhi,344,Karol Bagh,,,110005
1573,SKR Sr Sec Public School,1,India,1,Delhi,1,Delhi,3,Central Delhi,340,Inderpuri,,,110012
1642,Convent of Jesus and Mary School,1,India,1,Delhi,1,Delhi,3,Central Delhi,327,Connaught Place,,,110001
1580,"Bodhi Taru International School, Greater Noida",1,India,2,UttarPradesh,3,Greater Noida,4,Greater Noida,423,Knowledge Park I,,,201308
1560,Learners International School,1,India,2,UttarPradesh,3,Greater Noida,4,Greater Noida,425,Knowledge Park III,,,201310
1345,Savitri Bai Phule Balika Inter College,1,India,2,UttarPradesh,3,Greater Noida,4,Greater Noida,421,Kasna,,,201310
1344,Sahil Public School,1,India,2,UttarPradesh,3,Greater Noida,4,Greater Noida,427,Knowledge Park V,,,203207
1339,Gautam Budh Balak Inter College,1,India,2,UttarPradesh,3,Greater Noida,4,Greater Noida,427,Knowledge Park V,,,201308
1338,Rao Kasal Public School,1,India,2,UttarPradesh,3,Greater Noida,4,Greater Noida,421,Kasna,,,201310
1337,Dayanand Vidya Mandir,1,India,2,UttarPradesh,3,Greater Noida,4,Greater Noida,428,Kulesara,,,201306
1334,Grads International School,1,India,2,UttarPradesh,3,Greater Noida,4,Greater Noida,489,Sector ETA II,,,201310
1333,C.L.M Public School,1,India,2,UttarPradesh,3,Greater Noida,4,Greater Noida,423,Knowledge Park I,,,201306
1332,Hillwoods Academy Senior Secondary School,1,India,2,UttarPradesh,3,Greater Noida,4,Greater Noida,488,Sector ETA I,,,201310
1331,Darbari Lal Foundation World School,1,India,2,UttarPradesh,3,Greater Noida,4,Greater Noida,528,Zeta I,,,201308
1820,Avni,1,India,1,Delhi,1,Delhi,5,East Delhi,579,Shakarpur,,,110092
1810,Hillwoods academy,1,India,1,Delhi,1,Delhi,5,East Delhi,572,Preet Vihar,,,110092
1804,Sunita Singh,1,India,1,Delhi,1,Delhi,5,East Delhi,560,Mandawali,,,110092
1799,Mother Mary's School,1,India,1,Delhi,1,Delhi,5,East Delhi,560,Mandawali,,,110092
1785,Ahlcon international school,1,India,1,Delhi,1,Delhi,5,East Delhi,589,Vivek Vihar,,,110095
1741,SALWAN PUBLIC SCHOOL MAYUR VIHAR PH 3,1,India,1,Delhi,1,Delhi,5,East Delhi,563,Mayur Vihar Phase - 3,,,110096
1731,"Vidya Bal Bhawan Public School, New Ashok Nagar",1,India,1,Delhi,1,Delhi,5,East Delhi,564,New Ashok Nagar,,,110096
1719,ASN International School,1,India,1,Delhi,1,Delhi,5,East Delhi,562,Mayur Vihar Phase - 1,,,110091
1718,"Vivekanand School,Preet Vihar",1,India,1,Delhi,1,Delhi,5,East Delhi,572,Preet Vihar,,,110092
1713,Yoga Way Public School,1,India,1,Delhi,1,Delhi,5,East Delhi,577,Shahdara,,,110032
1694,S.L.S DAV Public School,1,India,1,Delhi,1,Delhi,5,East Delhi,556,Krishna Nagar,,,110051
1693,"Happy English School, Anand Vihar",1,India,1,Delhi,1,Delhi,5,East Delhi,531,Anand Vihar,,,110092
1656,Vidya Bal Bhawan Sr Sec School-Mayur Vihar,1,India,1,Delhi,1,Delhi,5,East Delhi,563,Mayur Vihar Phase - 3,,,110096
1654,"Vidya Bal Bhawan School, Shakarpur",1,India,1,Delhi,1,Delhi,5,East Delhi,579,Shakarpur,,,110092
1653,"Vidya Bal Bhavan Public School, Shakarpur",1,India,1,Delhi,1,Delhi,5,East Delhi,579,Shakarpur,,,110092
1579,Lovely Public English School,1,India,1,Delhi,1,Delhi,5,East Delhi,593,Yojana Vihar,,,110092
1578,Greenfields Public School,1,India,1,Delhi,1,Delhi,5,East Delhi,589,Vivek Vihar,,,110095
1576,Lovely Public International School,1,India,1,Delhi,1,Delhi,5,East Delhi,556,Krishna Nagar,,,110051
1556,Rosemary Public School,1,India,1,Delhi,1,Delhi,5,East Delhi,539,Dilshad Garden,,,110095
1554,"Siddharth International Public School, Dilshad Garden",1,India,1,Delhi,1,Delhi,5,East Delhi,539,Dilshad Garden,,,110095
1121,Keshav Vidya Mandir Model School,1,India,1,Delhi,1,Delhi,5,East Delhi,560,Mandawali,,,110092
1119,Vardhman Shiksha Niketan,1,India,1,Delhi,1,Delhi,5,East Delhi,557,Laxmi Nagar (Delhi),,,110092
1116,Preet Public Senior Secondary School,1,India,1,Delhi,1,Delhi,5,East Delhi,572,Preet Vihar,,,110092
1115,Mother Convent School,1,India,1,Delhi,1,Delhi,5,East Delhi,560,Mandawali,,,110092
1114,"Delhi Convent School, Pandav Nagar",1,India,1,Delhi,1,Delhi,5,East Delhi,570,Pandav Nagar,,,110092
1112,Florence Public School,1,India,1,Delhi,1,Delhi,5,East Delhi,562,Mayur Vihar Phase - 1,,,110091
1111,Cosmos Public School,1,India,1,Delhi,1,Delhi,5,East Delhi,587,Vasundhara Enclave,,,110096
1110,S.N. Modern School,1,India,1,Delhi,1,Delhi,5,East Delhi,564,New Ashok Nagar,,,110096
1108,Central Public School,1,India,1,Delhi,1,Delhi,5,East Delhi,579,Shakarpur,,,110092
1107,Kala Niketan international School,1,India,1,Delhi,1,Delhi,5,East Delhi,544,Gazipur,,,110096
1106,Dayanand Model School,1,India,1,Delhi,1,Delhi,5,East Delhi,589,Vivek Vihar,,,110095
1105,Biglow's Public School,1,India,1,Delhi,1,Delhi,5,East Delhi,556,Krishna Nagar,,,110051
1104,Lav Kush Public School,1,India,1,Delhi,1,Delhi,5,East Delhi,563,Mayur Vihar Phase - 3,,,110096
1103,Nutan Vidya Mandir School,1,India,1,Delhi,1,Delhi,5,East Delhi,531,Anand Vihar,,,110092
1102,"Vanasthali Public School, Mayur Vihar",1,India,1,Delhi,1,Delhi,5,East Delhi,563,Mayur Vihar Phase - 3,,,110096
1101,East Point School,1,India,1,Delhi,1,Delhi,5,East Delhi,587,Vasundhara Enclave,,,110096
1100,"Happy English School, Geeta Colony",1,India,1,Delhi,1,Delhi,5,East Delhi,545,Geeta Colony,,,110031
1099,Spring Bales Public Senior Secondary School,1,India,1,Delhi,1,Delhi,5,East Delhi,556,Krishna Nagar,,,110051
1098,Vidya Bal Bhawan Public School,1,India,1,Delhi,1,Delhi,5,East Delhi,579,Shakarpur,,,110092
1097,"Guru Harkrishan Public School, Anand Vihar",1,India,1,Delhi,1,Delhi,5,East Delhi,531,Anand Vihar,,,110092
1096,Dashmesh Public School,1,India,1,Delhi,1,Delhi,5,East Delhi,587,Vasundhara Enclave,,,110096
1095,"Vidya Bal Bhawan Senior Secondary School, Mayur Vihar",1,India,1,Delhi,1,Delhi,5,East Delhi,563,Mayur Vihar Phase - 3,,,110096
1094,"Aster Public School, Mayur Vihar",1,India,1,Delhi,1,Delhi,5,East Delhi,562,Mayur Vihar Phase - 1,,,110091
1093,AVB Public School,1,India,1,Delhi,1,Delhi,5,East Delhi,571,Patparganj (I.P.Extension),,,110092
1092,Adarsh Vidya Bhawan,1,India,1,Delhi,1,Delhi,5,East Delhi,571,Patparganj (I.P.Extension),,,110092
1091,Saai Memorial Girls School,1,India,1,Delhi,1,Delhi,5,East Delhi,545,Geeta Colony,,,110031
1090,"Modern Public School, Anand Vihar",1,India,1,Delhi,1,Delhi,5,East Delhi,531,Anand Vihar,,,110092
1087,"St. Mary's Senior Secondary School, Mayur Vihar",1,India,1,Delhi,1,Delhi,5,East Delhi,563,Mayur Vihar Phase - 3,,,110096
1086,"Ryan International School, Mayur Vihar",1,India,1,Delhi,1,Delhi,5,East Delhi,563,Mayur Vihar Phase - 3,,,110096
1085,National Victor Public School,1,India,1,Delhi,1,Delhi,5,East Delhi,571,Patparganj (I.P.Extension),,,110092
1084,Universal Public School,1,India,1,Delhi,1,Delhi,5,East Delhi,572,Preet Vihar,,,110092
1082,"Vivekanand Public School, Anand Vihar",1,India,1,Delhi,1,Delhi,5,East Delhi,531,Anand Vihar,,,110092
1081,Smt. Swarn Lata Sethi DAV Public School,1,India,1,Delhi,1,Delhi,5,East Delhi,556,Krishna Nagar,,,110051
1080,Bhai Parmanand Vidya Mandir,1,India,1,Delhi,1,Delhi,5,East Delhi,531,Anand Vihar,,,110092
1079,"Vivekanand International School, Patparganj",1,India,1,Delhi,1,Delhi,5,East Delhi,571,Patparganj (I.P.Extension),,,110092
1078,"Vivekanand School,Anand Vihar",1,India,1,Delhi,1,Delhi,5,East Delhi,531,Anand Vihar,,,110092
1077,"Bharti Public School, Mayur Vihar",1,India,1,Delhi,1,Delhi,5,East Delhi,563,Mayur Vihar Phase - 3,,,110096
1076,Shaheed Rajpal DAV Public School,1,India,1,Delhi,1,Delhi,5,East Delhi,531,Anand Vihar,,,110092
1075,ASN Senior Secondary School,1,India,1,Delhi,1,Delhi,5,East Delhi,562,Mayur Vihar Phase - 1,,,110091
1074,Mother Mary's School,1,India,1,Delhi,1,Delhi,5,East Delhi,562,Mayur Vihar Phase - 1,,,110091
1071,"Salwan Public School, Mayur Vihar",1,India,1,Delhi,1,Delhi,5,East Delhi,563,Mayur Vihar Phase - 3,,,110096
1070,"G.D. Goenka Public School, Anand Vihar",1,India,1,Delhi,1,Delhi,5,East Delhi,531,Anand Vihar,,,110092
1069,Somerville School,1,India,1,Delhi,1,Delhi,5,East Delhi,587,Vasundhara Enclave,,,110096
1068,"DAV Public School, Anand Vihar",1,India,1,Delhi,1,Delhi,5,East Delhi,531,Anand Vihar,,,110092
1067,Mother's Global School,1,India,1,Delhi,1,Delhi,5,East Delhi,572,Preet Vihar,,,110092
1066,Ahlcon Public School,1,India,1,Delhi,1,Delhi,5,East Delhi,562,Mayur Vihar Phase - 1,,,110091
1065,"Amity International School, Mayur Vihar",1,India,1,Delhi,1,Delhi,5,East Delhi,562,Mayur Vihar Phase - 1,,,110091
1064,Hillwoods Academy,1,India,1,Delhi,1,Delhi,5,East Delhi,572,Preet Vihar,,,110092
1063,Ahlcon International School,1,India,1,Delhi,1,Delhi,5,East Delhi,562,Mayur Vihar Phase - 1,,,110091
1030,Vatsalya nigam,1,India,1,Delhi,1,Delhi,5,East Delhi,556,Krishna Nagar,,,110051
422,"Mayo International School, Patparganj",1,India,1,Delhi,1,Delhi,5,East Delhi,571,Patparganj (I.P.Extension),,,110092
381,Meraj international school,1,India,1,Delhi,1,Delhi,5,East Delhi,556,Krishna Nagar,,,110051
334,"Rajdhani Public School, Mayur Vihar",1,India,1,Delhi,1,Delhi,5,East Delhi,563,Mayur Vihar Phase - 3,,,110096
329,Arwachin International School,1,India,1,Delhi,1,Delhi,5,East Delhi,539,Dilshad Garden,,,110095
323,Mother's Heritage School,1,India,1,Delhi,1,Delhi,5,East Delhi,556,Krishna Nagar,,,110051
321,"New oxford Public School, East Delhi",1,India,1,Delhi,1,Delhi,5,East Delhi,572,Preet Vihar,,,110092
317,Rishabh Public School,1,India,1,Delhi,1,Delhi,5,East Delhi,562,Mayur Vihar Phase - 1,,,110091
315,"RPM Lovely Public Sr. Sec. School, New Layalpur",1,India,1,Delhi,1,Delhi,5,East Delhi,556,Krishna Nagar,,,110051
314,Dream weavers,1,India,1,Delhi,1,Delhi,5,East Delhi,545,Geeta Colony,,,110031
308,Plato Public School,1,India,1,Delhi,1,Delhi,5,East Delhi,571,Patparganj (I.P.Extension),,,110092
307,St. Andrews Scots Sr. Sec. School,1,India,1,Delhi,1,Delhi,5,East Delhi,571,Patparganj (I.P.Extension),,,110092
297,Arwachin Bharti Bhawan Sr. Sec. School,1,India,1,Delhi,1,Delhi,5,East Delhi,589,Vivek Vihar,,,110095
290,Evergreen Public School,1,India,1,Delhi,1,Delhi,5,East Delhi,587,Vasundhara Enclave,,,110096
287,Lovely Playway School,1,India,1,Delhi,1,Delhi,5,East Delhi,568,Nirman Vihar,,,110092
285,M. P. Middle School,1,India,1,Delhi,1,Delhi,5,East Delhi,587,Vasundhara Enclave,,,110096
283,St. Lawrence Public Sr. Sec. School,1,India,1,Delhi,1,Delhi,5,East Delhi,539,Dilshad Garden,,,110095
280,Mayur Public School,1,India,1,Delhi,1,Delhi,5,East Delhi,571,Patparganj (I.P.Extension),,,110092
278,"Angels Public Sr. Sec. School,Vishwas Nagar",1,India,1,Delhi,1,Delhi,5,East Delhi,588,Vishwas Nagar,,,110032
270,The Baptist Convent Sr. Sec School,1,India,1,Delhi,1,Delhi,5,East Delhi,571,Patparganj (I.P.Extension),,,110092
269,Queen Global International School,1,India,1,Delhi,1,Delhi,5,East Delhi,539,Dilshad Garden,,,110095
266,"New Oxford Public School, Vivek Vihar",1,India,1,Delhi,1,Delhi,5,East Delhi,589,Vivek Vihar,,,110095
262,"Angels Public School, Vasundhra Enclave",1,India,1,Delhi,1,Delhi,5,East Delhi,587,Vasundhara Enclave,,,110096
261,"Lovely Public School, Geeta Colony",1,India,1,Delhi,1,Delhi,5,East Delhi,545,Geeta Colony,,,110031
783,Sanjeevani Public School,1,India,1,Delhi,1,Delhi,7,West Delhi,666,Uttam Nagar,,,110059
782,M.R. Vivekananda Public School,1,India,1,Delhi,1,Delhi,7,West Delhi,667,Vikas Puri,,,110018
781,G.D. Lancer's Public School,1,India,1,Delhi,1,Delhi,7,West Delhi,666,Uttam Nagar,,,110059
780,D.S. Memorial Public Senior Secondary School,1,India,1,Delhi,1,Delhi,7,West Delhi,644,Nangloi,,,110041
779,Nathu Ram Convent Senior Secondary School,1,India,1,Delhi,1,Delhi,7,West Delhi,644,Nangloi,,,110041
777,Gurusharan Convent School,1,India,1,Delhi,1,Delhi,7,West Delhi,650,Paschim Vihar B Block,,,110087
776,New Saraswati Public School,1,India,1,Delhi,1,Delhi,7,West Delhi,644,Nangloi,,,110041
775,Maharishi Dayanand Model School,1,India,1,Delhi,1,Delhi,7,West Delhi,644,Nangloi,,,110041
773,Parag Bharati Model School,1,India,1,Delhi,1,Delhi,7,West Delhi,644,Nangloi,,,110041
772,DR. S.R.S Mission School,1,India,1,Delhi,1,Delhi,7,West Delhi,626,Janakpuri B-1,,,110058
771,R.S. Secondary Public School,1,India,1,Delhi,1,Delhi,7,West Delhi,644,Nangloi,,,110041
770,Shivani Public Senior Secondary School,1,India,1,Delhi,1,Delhi,7,West Delhi,644,Nangloi,,,110041
768,Deepanshu Public School,1,India,1,Delhi,1,Delhi,7,West Delhi,644,Nangloi,,,110041
767,Muni International School,1,India,1,Delhi,1,Delhi,7,West Delhi,666,Uttam Nagar,,,110059
766,R.P. Memorial Senior Secondary Public School,1,India,1,Delhi,1,Delhi,7,West Delhi,666,Uttam Nagar,,,110059
765,"Saraswati Bal Mandir, Paschim Vihar",1,India,1,Delhi,1,Delhi,7,West Delhi,649,Paschim Vihar,,,110063
764,Guru Amar Das Public School,1,India,1,Delhi,1,Delhi,7,West Delhi,664,Tilak Nagar (West Delhi),,,110018
763,Shri Vishwakarma Model School,1,India,1,Delhi,1,Delhi,7,West Delhi,644,Nangloi,,,110041
762,Arya Public Secondary School,1,India,1,Delhi,1,Delhi,7,West Delhi,644,Nangloi,,,110041
761,Divine Happy Senior Secondary School,1,India,1,Delhi,1,Delhi,7,West Delhi,649,Paschim Vihar,,,110063
760,Holy Kids Play School,1,India,1,Delhi,1,Delhi,7,West Delhi,666,Uttam Nagar,,,110059
759,"Kamal Public Senior Secondary School, Vikaspuri",1,India,1,Delhi,1,Delhi,7,West Delhi,667,Vikas Puri,,,110018
758,B.R. Public School,1,India,1,Delhi,1,Delhi,7,West Delhi,644,Nangloi,,,110041
755,Shri Daulat Ram Public Senior Secondary School,1,India,1,Delhi,1,Delhi,7,West Delhi,644,Nangloi,,,110041
753,Capital Model School,1,India,1,Delhi,1,Delhi,7,West Delhi,664,Tilak Nagar (West Delhi),,,110018
752,Nirvan Roopam Modern School,1,India,1,Delhi,1,Delhi,7,West Delhi,666,Uttam Nagar,,,110059
751,Vasundhara Public School,1,India,1,Delhi,1,Delhi,7,West Delhi,666,Uttam Nagar,,,110059
750,Angel Public School,1,India,1,Delhi,1,Delhi,7,West Delhi,666,Uttam Nagar,,,110059
749,Red Rose Model School,1,India,1,Delhi,1,Delhi,7,West Delhi,666,Uttam Nagar,,,110059
748,West Point Model School,1,India,1,Delhi,1,Delhi,7,West Delhi,666,Uttam Nagar,,,110059
746,Harry Model School,1,India,1,Delhi,1,Delhi,7,West Delhi,666,Uttam Nagar,,,110059
745,S.G.N Public School,1,India,1,Delhi,1,Delhi,7,West Delhi,644,Nangloi,,,110041
744,Vidya Memorial Public School,1,India,1,Delhi,1,Delhi,7,West Delhi,666,Uttam Nagar,,,110059
743,Raghubir Singh Modern School,1,India,1,Delhi,1,Delhi,7,West Delhi,666,Uttam Nagar,,,110059
742,Maharishi Dayanand Public School,1,India,1,Delhi,1,Delhi,7,West Delhi,654,Rajouri Garden J-6,,,110027
741,Bal Vikas Public School,1,India,1,Delhi,1,Delhi,7,West Delhi,649,Paschim Vihar,,,110063
740,S.L. Suri DAV Public School,1,India,1,Delhi,1,Delhi,7,West Delhi,625,Janakpuri A-3,,,110058
739,Modern Child Public School,1,India,1,Delhi,1,Delhi,7,West Delhi,644,Nangloi,,,110041
738,Bhardwaj Model School,1,India,1,Delhi,1,Delhi,7,West Delhi,644,Nangloi,,,110041
737,C.R. Saini Public School,1,India,1,Delhi,1,Delhi,7,West Delhi,644,Nangloi,,,110041
736,Columbia Foundation Senior Secondary School,1,India,1,Delhi,1,Delhi,7,West Delhi,667,Vikas Puri,,,110018
735,Rajindra Public School,1,India,1,Delhi,1,Delhi,7,West Delhi,644,Nangloi,,,110041
734,Margshree School,1,India,1,Delhi,1,Delhi,7,West Delhi,644,Nangloi,,,110041
732,Neo Convent Senior Secondary School,1,India,1,Delhi,1,Delhi,7,West Delhi,649,Paschim Vihar,,,110063
731,Shadley Public School,1,India,1,Delhi,1,Delhi,7,West Delhi,654,Rajouri Garden J-6,,,110027
730,M.H.D.C Saraswati Bal Mandir Secondary School,1,India,1,Delhi,1,Delhi,7,West Delhi,626,Janakpuri B-1,,,110058
729,Mira Model School,1,India,1,Delhi,1,Delhi,7,West Delhi,626,Janakpuri B-1,,,110058
728,S. S. Mota Singh School,1,India,1,Delhi,1,Delhi,7,West Delhi,625,Janakpuri A-3,,,110058
727,Lt. Col. Mehar Little Angels Senior Secondary School,1,India,1,Delhi,1,Delhi,7,West Delhi,649,Paschim Vihar,,,110063
725,Mamta Modern Senior Secondary School,1,India,1,Delhi,1,Delhi,7,West Delhi,667,Vikas Puri,,,110018
723,Dharam Deep Secondary Public School,1,India,1,Delhi,1,Delhi,7,West Delhi,644,Nangloi,,,110041
722,Bhatnagar International School,1,India,1,Delhi,1,Delhi,7,West Delhi,650,Paschim Vihar B Block,,,110087
721,Kamal Model Senior Secondary School,1,India,1,Delhi,1,Delhi,7,West Delhi,666,Uttam Nagar,,,110059
720,St. Sophia Senior Secondary School,1,India,1,Delhi,1,Delhi,7,West Delhi,649,Paschim Vihar,,,110063
719,Happy Model School,1,India,1,Delhi,1,Delhi,7,West Delhi,626,Janakpuri B-1,,,110058
718,Veda Vyasa DAV Public School,1,India,1,Delhi,1,Delhi,7,West Delhi,667,Vikas Puri,,,110018
717,Brain International School,1,India,1,Delhi,1,Delhi,7,West Delhi,667,Vikas Puri,,,110018
716,Pusa Public School,1,India,1,Delhi,1,Delhi,7,West Delhi,667,Vikas Puri,,,110018
715,Shah International School,1,India,1,Delhi,1,Delhi,7,West Delhi,650,Paschim Vihar B Block,,,110087
714,Indira Ideal Senior Secondary School,1,India,1,Delhi,1,Delhi,7,West Delhi,627,Janakpuri C-4,,,110058
713,Modern Era Convent School,1,India,1,Delhi,1,Delhi,7,West Delhi,626,Janakpuri B-1,,,110058
712,Banasthali Public School,1,India,1,Delhi,1,Delhi,7,West Delhi,667,Vikas Puri,,,110018
711,James Convent School,1,India,1,Delhi,1,Delhi,7,West Delhi,644,Nangloi,,,110041
710,"Sant Nirankari Public School, Paschim Vihar",1,India,1,Delhi,1,Delhi,7,West Delhi,649,Paschim Vihar,,,110063
709,Ramakrishna Senior Secondary School,1,India,1,Delhi,1,Delhi,7,West Delhi,667,Vikas Puri,,,110018
708,"Saraswati Bal Mandir School, Rajouri Garden",1,India,1,Delhi,1,Delhi,7,West Delhi,654,Rajouri Garden J-6,,,110027
707,Rainbow English School,1,India,1,Delhi,1,Delhi,7,West Delhi,627,Janakpuri C-4,,,110058
706,St. Froebel Senior Secondary School,1,India,1,Delhi,1,Delhi,7,West Delhi,649,Paschim Vihar,,,110063
705,Oxford Senior Secondary School,1,India,1,Delhi,1,Delhi,7,West Delhi,667,Vikas Puri,,,110018
703,Sumermal Jain Public School,1,India,1,Delhi,1,Delhi,7,West Delhi,627,Janakpuri C-4,,,110058
702,Holy International Senior Secondary School,1,India,1,Delhi,1,Delhi,7,West Delhi,666,Uttam Nagar,,,110059
701,Vishal Bharti Public School,1,India,1,Delhi,1,Delhi,7,West Delhi,649,Paschim Vihar,,,110063
700,St. Mark's Girls Senior Secondary School,1,India,1,Delhi,1,Delhi,7,West Delhi,650,Paschim Vihar B Block,,,110087
699,M.R. Vivekananda Model School,1,India,1,Delhi,1,Delhi,7,West Delhi,664,Tilak Nagar (West Delhi),,,110018
698,St. Cecilia's Public School,1,India,1,Delhi,1,Delhi,7,West Delhi,667,Vikas Puri,,,110018
697,Doon Public School,1,India,1,Delhi,1,Delhi,7,West Delhi,649,Paschim Vihar,,,110063
696,"DAV Public School, Paschim Vihar",1,India,1,Delhi,1,Delhi,7,West Delhi,649,Paschim Vihar,,,110063
695,New Holy Public School,1,India,1,Delhi,1,Delhi,7,West Delhi,666,Uttam Nagar,,,110059
694,Bosco Senior Secondary Public School,1,India,1,Delhi,1,Delhi,7,West Delhi,661,Sunder Vihar,,,110087
693,New Delhi Public School,1,India,1,Delhi,1,Delhi,7,West Delhi,667,Vikas Puri,,,110018
692,Rich Harvest Public School,1,India,1,Delhi,1,Delhi,7,West Delhi,625,Janakpuri A-3,,,110058
691,The Lawrence Public School,1,India,1,Delhi,1,Delhi,7,West Delhi,627,Janakpuri C-4,,,110058
690,Cambridge Foundation School,1,India,1,Delhi,1,Delhi,7,West Delhi,654,Rajouri Garden J-6,,,110027
689,Indraprastha World School,1,India,1,Delhi,1,Delhi,7,West Delhi,649,Paschim Vihar,,,110063
688,"DAV Centenary Public School, Paschim Vihar",1,India,1,Delhi,1,Delhi,7,West Delhi,650,Paschim Vihar B Block,,,110087
687,"St. Mark's Senior Secondary Public School, Janakpuri",1,India,1,Delhi,1,Delhi,7,West Delhi,625,Janakpuri A-3,,,110058
686,Jesus Mary Joseph Senior Secondary School,1,India,1,Delhi,1,Delhi,7,West Delhi,649,Paschim Vihar,,,110063
684,St. Matthew's Public School,1,India,1,Delhi,1,Delhi,7,West Delhi,649,Paschim Vihar,,,110063
683,"Adarsh Public School, Vikaspuri",1,India,1,Delhi,1,Delhi,7,West Delhi,667,Vikas Puri,,,110018
682,St. Francis De Sales Senior Secondary School,1,India,1,Delhi,1,Delhi,7,West Delhi,627,Janakpuri C-4,,,110058
681,"K.R. Mangalam World School, Paschim Vihar",1,India,1,Delhi,1,Delhi,7,West Delhi,649,Paschim Vihar,,,110063
325,"Mothers' Mount Global School, Vikaspuri",1,India,1,Delhi,1,Delhi,7,West Delhi,667,Vikas Puri,,,110018
326,"Mother's Mount, Meera Enclave",1,India,1,Delhi,1,Delhi,7,West Delhi,612,Chaukhandi,,,110018
1825,Daisy Dales International School,1,India,1,Delhi,1,Delhi,7,West Delhi,667,Vikas Puri,,,110018
1824,Daisy Dales International School,1,India,1,Delhi,1,Delhi,7,West Delhi,667,Vikas Puri,,,110018
1814,Payal,1,India,1,Delhi,1,Delhi,7,West Delhi,666,Uttam Nagar,,,110059
1808,Sarvodaya Kanya Vidyalaya No 1,1,India,1,Delhi,1,Delhi,7,West Delhi,644,Nangloi,,,110041
1806,Dolphi gaba,1,India,1,Delhi,1,Delhi,7,West Delhi,666,Uttam Nagar,,,110059
1744,Bindu Batra's Mothers' Mount School,1,India,1,Delhi,1,Delhi,7,West Delhi,652,Punjabi Bagh,,,110026
1709,"Inspire, Paschim Vihar",1,India,1,Delhi,1,Delhi,7,West Delhi,649,Paschim Vihar,,,110063
1708,"Inspire, Sunder Vihar",1,India,1,Delhi,1,Delhi,7,West Delhi,649,Paschim Vihar,,,110063
1670,"K.R. Mangalam World School, Vikaspuri",1,India,1,Delhi,1,Delhi,7,West Delhi,667,Vikas Puri,,,110018
1667,"Hansraj Model School, Punjabi Bagh",1,India,1,Delhi,1,Delhi,7,West Delhi,652,Punjabi Bagh,,,110026
1666,"Ganga International School, Hiran Kudna",1,India,1,Delhi,1,Delhi,7,West Delhi,623,Hirankudna,,,110041
1660,"St. Mark's Sr Sec. Public School, Paschim Vihar",1,India,1,Delhi,1,Delhi,7,West Delhi,650,Paschim Vihar B Block,,,110087
1625,Vagishwari World School,1,India,1,Delhi,1,Delhi,7,West Delhi,641,Matiala,,,110059
302,Shiv Modern Sr. Sec. School,1,India,1,Delhi,1,Delhi,7,West Delhi,649,Paschim Vihar,,,110063
294,"Daisy Dales International, Vikaspuri",1,India,1,Delhi,1,Delhi,7,West Delhi,667,Vikas Puri,,,110018
279,"St. Mary's Senior Secondary School, Paschim Vihar",1,India,1,Delhi,1,Delhi,7,West Delhi,650,Paschim Vihar B Block,,,110087
267,"Mother's Mount, Paschim Vihar",1,India,1,Delhi,1,Delhi,7,West Delhi,649,Paschim Vihar,,,110063
260,St. Peter's Convent,1,India,1,Delhi,1,Delhi,7,West Delhi,667,Vikas Puri,,,110018
259,Jhabban Lal DAV Public School,1,India,1,Delhi,1,Delhi,7,West Delhi,649,Paschim Vihar,,,110063
255,Bindu Batra's- Mothers' Mount Pre-School,1,India,1,Delhi,1,Delhi,7,West Delhi,652,Punjabi Bagh,,,110026
254,"Kamal Public Sr. Sec. School, Vikaspuri",1,India,1,Delhi,1,Delhi,7,West Delhi,667,Vikas Puri,,,110018
1833,Aadharshila Vidyapeeth,1,India,1,Delhi,1,Delhi,9,North West Delhi,820,Pitampura,,,110034
1745,St. Xavier Sr secondary school,1,India,1,Delhi,1,Delhi,9,North West Delhi,782,kalyan vihar,,,110007
1687,"GD Goenka Public School,Model Town",1,India,1,Delhi,1,Delhi,9,North West Delhi,802,Model Town III,,,110009
291,"Guru Tegh Bahadur Public School, Model Town",1,India,1,Delhi,1,Delhi,9,North West Delhi,802,Model Town III,,,110009
1561,khemo devi public school,1,India,1,Delhi,1,Delhi,9,North West Delhi,811,Narela,,,110040
1183,Aadharshila Vidyapeeth,1,India,1,Delhi,1,Delhi,9,North West Delhi,820,Pitampura,,,110034
1150,Abhinav Public School,1,India,1,Delhi,1,Delhi,9,North West Delhi,820,Pitampura,,,110088
1651,Alok Bharti Public School,1,India,1,Delhi,1,Delhi,9,North West Delhi,833,Rohini,,,110089
1124,Apeejay School,1,India,1,Delhi,1,Delhi,9,North West Delhi,820,Pitampura,,,110034
1248,Arya Model School,1,India,1,Delhi,1,Delhi,9,North West Delhi,745,Adarsh Nagar,,,110033
1272,B.V.M. Model School,1,India,1,Delhi,1,Delhi,9,North West Delhi,756,Begumpur,,,110086
1685,Bal Bharati Public School,1,India,1,Delhi,1,Delhi,9,North West Delhi,820,Pitampura,,,110034
1123,Bal Bharati Public School,1,India,1,Delhi,1,Delhi,9,North West Delhi,833,Rohini,,,110085
1262,Brahma Shakti Public School,1,India,1,Delhi,1,Delhi,9,North West Delhi,756,Begumpur,,,110086
1169,Brilliants' Convent School,1,India,1,Delhi,1,Delhi,9,North West Delhi,820,Pitampura,,,110034
1199,BSM Public School,1,India,1,Delhi,1,Delhi,9,North West Delhi,785,Karala,,,110081
1227,Chhoturam Public School,1,India,1,Delhi,1,Delhi,9,North West Delhi,751,Bakhtawarpur,,,110036
1249,CIAT Convent School,1,India,1,Delhi,1,Delhi,9,North West Delhi,783,Kanjhwala,,,110081
1162,Crescent Public School,1,India,1,Delhi,1,Delhi,9,North West Delhi,820,Pitampura,,,110034
1131,CRPF Public School,1,India,1,Delhi,1,Delhi,9,North West Delhi,833,Rohini,,,110085
1268,Daffodil Public School,1,India,1,Delhi,1,Delhi,9,North West Delhi,811,Narela,,,110040
1148,Darbari Lal DAV Model School,1,India,1,Delhi,1,Delhi,9,North West Delhi,820,Pitampura,,,110034
1686,Darbari Lal DAV Model School,1,India,1,Delhi,1,Delhi,9,North West Delhi,850,Shalimar Bagh,,,110088
1211,Darshan Academy,1,India,1,Delhi,1,Delhi,9,North West Delhi,782,Kalyan Vihar,,,110009
1284,DAV Centenary Public School,1,India,1,Delhi,1,Delhi,9,North West Delhi,811,Narela,,,110040
1147,DAV Public School,1,India,1,Delhi,1,Delhi,9,North West Delhi,790,Khera Khurd,,,110082
1566,DAV Public School,1,India,1,Delhi,1,Delhi,9,North West Delhi,833,Rohini,,,110085
1171,DE INDIAN Public School,1,India,1,Delhi,1,Delhi,9,North West Delhi,833,Rohini,,,110085
1189,Decent Public School,1,India,1,Delhi,1,Delhi,9,North West Delhi,833,Rohini,,,110085
1195,Delhi City School,1,India,1,Delhi,1,Delhi,9,North West Delhi,833,Rohini,,,110085
1154,Delhi International Public School,1,India,1,Delhi,1,Delhi,9,North West Delhi,833,Rohini,,,110085
1126,Delhi Public School,1,India,1,Delhi,1,Delhi,9,North West Delhi,833,Rohini,,,110085
1250,Devraji Narayan Public School,1,India,1,Delhi,1,Delhi,9,North West Delhi,757,Bhalswa,,,110042
1149,G.D. Goenka Public School,1,India,1,Delhi,1,Delhi,9,North West Delhi,833,Rohini,,,110085
1256,G.R. International School,1,India,1,Delhi,1,Delhi,9,North West Delhi,823,Pooth Khurd,,,110039
1273,Ganga International School,1,India,1,Delhi,1,Delhi,9,North West Delhi,768,Ghevra,,,110081
1831,Ganga International School,1,India,1,Delhi,1,Delhi,9,North West Delhi,833,Rohini,,,110085
1165,Gitarattan Jindal Public School,1,India,1,Delhi,1,Delhi,9,North West Delhi,833,Rohini,,,110085
1711,Glorious Public School,1,India,1,Delhi,1,Delhi,9,North West Delhi,833,Rohini,,,110085
1157,Goodley Public School,1,India,1,Delhi,1,Delhi,9,North West Delhi,850,Shalimar Bagh,,,110088
1222,Guru Angad Public School,1,India,1,Delhi,1,Delhi,9,North West Delhi,748,Ashok Vihar,,,110052
1197,Guru Nanak Public School,1,India,1,Delhi,1,Delhi,9,North West Delhi,820,Pitampura,,,110034
1216,Gyanodaya Model Public School,1,India,1,Delhi,1,Delhi,9,North West Delhi,746,Alipur,,,110036
1152,Hansraj Model School,1,India,1,Delhi,1,Delhi,9,North West Delhi,833,Rohini,,,110085
1254,Happy Home Public School,1,India,1,Delhi,1,Delhi,9,North West Delhi,833,Rohini,,,110085
1246,Happy Hours School,1,India,1,Delhi,1,Delhi,9,North West Delhi,820,Pitampura,,,110034
1247,Heera Lal Public School,1,India,1,Delhi,1,Delhi,9,North West Delhi,794,MadanPur Dabas,,,110081
1213,Himalaya International School,1,India,1,Delhi,1,Delhi,9,North West Delhi,833,Rohini,,,110085
1181,Himalaya Public Senior Secondary School,1,India,1,Delhi,1,Delhi,9,North West Delhi,833,Rohini,,,110085
1182,Indian Convent School,1,India,1,Delhi,1,Delhi,9,North West Delhi,833,Rohini,,,110085
1264,Indraprastha Convent Senior Secondary School,1,India,1,Delhi,1,Delhi,9,North West Delhi,756,Begumpur,,,110086
1269,Indraprastha Public School,1,India,1,Delhi,1,Delhi,9,North West Delhi,756,Begumpur,,,110086
1224,JAI HIND Public School,1,India,1,Delhi,1,Delhi,9,North West Delhi,823,Pooth Khurd,,,110039
1232,Jai Mann Public School,1,India,1,Delhi,1,Delhi,9,North West Delhi,790,Khera Khurd,,,110082
1244,Jain Bharati Mrigavati Vidyalaya,1,India,1,Delhi,1,Delhi,9,North West Delhi,760,Budhpur,,,110036
1275,Jain Bharti Model School,1,India,1,Delhi,1,Delhi,9,North West Delhi,833,Rohini,,,110085
1160,Jaspal Kaur Public School,1,India,1,Delhi,1,Delhi,9,North West Delhi,850,Shalimar Bagh,,,110088
1200,Jindal International School,1,India,1,Delhi,1,Delhi,9,North West Delhi,833,Rohini,,,110085
1263,Jyoti Model School,1,India,1,Delhi,1,Delhi,9,North West Delhi,745,Adarsh Nagar,,,110033
1281,KAMS Convent School,1,India,1,Delhi,1,Delhi,9,North West Delhi,781,Kadipur,,,110036
1193,Kasturi Ram International School,1,India,1,Delhi,1,Delhi,9,North West Delhi,811,Narela,,,110040
1278,KD Model School,1,India,1,Delhi,1,Delhi,9,North West Delhi,754,Barwala,,,110039
1194,KIIT World School,1,India,1,Delhi,1,Delhi,9,North West Delhi,820,Pitampura,,,110034
1130,Kulachi Hansraj Model School,1,India,1,Delhi,1,Delhi,9,North West Delhi,748,Ashok Vihar,,,110052
1136,Lancer's Convent School,1,India,1,Delhi,1,Delhi,9,North West Delhi,833,Rohini,,,110085
1163,Laurel High School,1,India,1,Delhi,1,Delhi,9,North West Delhi,820,Pitampura,,,110034
1240,Lavi Public School,1,India,1,Delhi,1,Delhi,9,North West Delhi,768,Ghevra,,,110081
1187,Lions Public School,1,India,1,Delhi,1,Delhi,9,North West Delhi,748,Ashok Vihar,,,110052
1289,Little Fairy Public School,1,India,1,Delhi,1,Delhi,9,North West Delhi,765,G.T.B Nagar,,,110009
1267,LK International School,1,India,1,Delhi,1,Delhi,9,North West Delhi,755,Bawana,,,110039
1228,M.D Memorial Public School,1,India,1,Delhi,1,Delhi,9,North West Delhi,856,Sultanpuri,,,110086
1261,M.D. Indraprastha Senior Secondary Public School,1,India,1,Delhi,1,Delhi,9,North West Delhi,756,Begumpur,,,110086
1178,M.M. Public School,1,India,1,Delhi,1,Delhi,9,North West Delhi,820,Pitampura,,,110034
1209,Maharaja Aggarsain Adarsh Public School,1,India,1,Delhi,1,Delhi,9,North West Delhi,820,Pitampura,,,110034
1139,Maharaja Agrasen Model School,1,India,1,Delhi,1,Delhi,9,North West Delhi,820,Pitampura,,,110034
1237,Mahavir Senior Model School,1,India,1,Delhi,1,Delhi,9,North West Delhi,748,Ashok Vihar,,,110007
1251,Manvi Public School,1,India,1,Delhi,1,Delhi,9,North West Delhi,833,Rohini,,,110085
1145,Mata Jai Kaur Public School,1,India,1,Delhi,1,Delhi,9,North West Delhi,748,Ashok Vihar,,,110052
1265,Mata Roshini Devi Public School,1,India,1,Delhi,1,Delhi,9,North West Delhi,760,Budhpur,,,110036
1257,Mata Saraswati Model School,1,India,1,Delhi,1,Delhi,9,North West Delhi,785,Karala,,,110081
1142,Maxfort School,1,India,1,Delhi,1,Delhi,9,North West Delhi,833,Rohini,,,110085
1172,Merry International Senior Secondary Public School,1,India,1,Delhi,1,Delhi,9,North West Delhi,833,Rohini,,,110085
1122,Montfort School,1,India,1,Delhi,1,Delhi,9,North West Delhi,748,Ashok Vihar,,,110052
1177,Mother Divine Public School,1,India,1,Delhi,1,Delhi,9,North West Delhi,833,Rohini,,,110085
1290,Mother Khazani Convent Senior Secondary School,1,India,1,Delhi,1,Delhi,9,North West Delhi,751,Bakhtawarpur,,,110036
1688,Mount Abu Public School,1,India,1,Delhi,1,Delhi,9,North West Delhi,833,Rohini,,,110085
1155,Mount Abu Public School,1,India,1,Delhi,1,Delhi,9,North West Delhi,833,Rohini,,,110089
1260,Muni Maya Ram Jain Public School,1,India,1,Delhi,1,Delhi,9,North West Delhi,820,Pitampura,,,110034
1134,N. K. Bagrodia Public School,1,India,1,Delhi,1,Delhi,9,North West Delhi,833,Rohini,,,110085
1242,National Public School,1,India,1,Delhi,1,Delhi,9,North West Delhi,811,Narela,,,110040
1204,Nav Bharti Public School,1,India,1,Delhi,1,Delhi,9,North West Delhi,820,Pitampura,,,110034
1161,Nav Bharti Senior Secondary School,1,India,1,Delhi,1,Delhi,9,North West Delhi,820,Pitampura,,,110034
1175,North Delhi Public School,1,India,1,Delhi,1,Delhi,9,North West Delhi,850,Shalimar Bagh,,,110088
1212,North-Ex Public School,1,India,1,Delhi,1,Delhi,9,North West Delhi,833,Rohini,,,110085
1220,P.D. Model Senior Secondary School,1,India,1,Delhi,1,Delhi,9,North West Delhi,856,Sultanpuri,,,110086
1125,Perfect Public School,1,India,1,Delhi,1,Delhi,9,North West Delhi,820,Pitampura,,,110085
1233,PP International School,1,India,1,Delhi,1,Delhi,9,North West Delhi,820,Pitampura,,,110034
1168,Pratap International School,1,India,1,Delhi,1,Delhi,9,North West Delhi,833,Rohini,,,110085
1146,Prestige Convent School,1,India,1,Delhi,1,Delhi,9,North West Delhi,833,Rohini,,,110085
1166,Prince Public School,1,India,1,Delhi,1,Delhi,9,North West Delhi,833,Rohini,,,110085
1138,Prudence School,1,India,1,Delhi,1,Delhi,9,North West Delhi,748,Ashok Vihar,,,110052
1133,Queen Mary's School,1,India,1,Delhi,1,Delhi,9,North West Delhi,801,Model Town,,,110009
1253,R R Geeta Bal Bharti Public School,1,India,1,Delhi,1,Delhi,9,North West Delhi,856,Sultanpuri,,,110086
1266,R. K. Memorial Public School,1,India,1,Delhi,1,Delhi,9,North West Delhi,856,Sultanpuri,,,110086
1287,Rahul Public School,1,India,1,Delhi,1,Delhi,9,North West Delhi,833,Rohini,,,110085
1259,Rajdhani Public School,1,India,1,Delhi,1,Delhi,9,North West Delhi,811,Narela,,,110040
1210,Ran Singh Model Public School,1,India,1,Delhi,1,Delhi,9,North West Delhi,856,Sultanpuri,,,110086
1231,Ravindra Public School,1,India,1,Delhi,1,Delhi,9,North West Delhi,820,Pitampura,,,110034
1557,Remal Montessori,1,India,1,Delhi,1,Delhi,9,North West Delhi,833,Rohini,,,110085
1203,Remal Public Senior Secondary School,1,India,1,Delhi,1,Delhi,9,North West Delhi,833,Rohini,,,110085
1277,Rishikul Vidyapeeth,1,India,1,Delhi,1,Delhi,9,North West Delhi,746,Alipur,,,110036
1219,Rising Era Convent School,1,India,1,Delhi,1,Delhi,9,North West Delhi,790,Khera Khurd,,,110082
1185,Rising Star Academy Senior Secondary School,1,India,1,Delhi,1,Delhi,9,North West Delhi,820,Pitampura,,,110034
1192,Rockfield Public School,1,India,1,Delhi,1,Delhi,9,North West Delhi,833,Rohini,,,110085
1207,Rosary Senior Secondary School,1,India,1,Delhi,1,Delhi,9,North West Delhi,801,Model Town,,,110009
1159,Rukmini Devi Public School,1,India,1,Delhi,1,Delhi,9,North West Delhi,820,Pitampura,,,110034
1137,Ryan International School,1,India,1,Delhi,1,Delhi,9,North West Delhi,833,Rohini,,,110085
1180,S.D. Public School,1,India,1,Delhi,1,Delhi,9,North West Delhi,820,Pitampura,,,110034
1252,Saarthi International School,1,India,1,Delhi,1,Delhi,9,North West Delhi,756,Begumpur,,,110086
1689,Sachdeva Public School,1,India,1,Delhi,1,Delhi,9,North West Delhi,820,Pitampura,,,110034
1283,Sant Gyaneshwar Model School,1,India,1,Delhi,1,Delhi,9,North West Delhi,746,Alipur,,,110036
1215,Sant Nirankari Public School,1,India,1,Delhi,1,Delhi,9,North West Delhi,804,Mukherjee Nagar,,,110009
1270,Sh. Hazari Lal Public School,1,India,1,Delhi,1,Delhi,9,North West Delhi,789,Khera Kalan,,,110082
1225,Shri Tula Ram Public School,1,India,1,Delhi,1,Delhi,9,North West Delhi,856,Sultanpuri,,,110086
1241,Sky Hawk International School,1,India,1,Delhi,1,Delhi,9,North West Delhi,749,Auchandi,,,110039
1135,Spring Days Senior Secondary School,1,India,1,Delhi,1,Delhi,9,North West Delhi,748,Ashok Vihar,,,110052
1170,Sri Guru Nanak Public School,1,India,1,Delhi,1,Delhi,9,North West Delhi,745,Adarsh Nagar,,,110033
1179,St. Angel's Senior Secondary School,1,India,1,Delhi,1,Delhi,9,North West Delhi,833,Rohini,,,110085
1167,St. Columbo Public School,1,India,1,Delhi,1,Delhi,9,North West Delhi,820,Pitampura,,,110034
1143,St. Giri Senior Secondary School,1,India,1,Delhi,1,Delhi,9,North West Delhi,833,Rohini,,,110085
1239,St. John's Public School,1,India,1,Delhi,1,Delhi,9,North West Delhi,790,Khera Khurd,,,110082
1156,St. Margaret Senior Secondary School,1,India,1,Delhi,1,Delhi,9,North West Delhi,833,Rohini,,,110085
1236,St. Prayag Public School,1,India,1,Delhi,1,Delhi,9,North West Delhi,820,Pitampura,,,110034
1208,St. Rosier Public School,1,India,1,Delhi,1,Delhi,9,North West Delhi,850,Shalimar Bagh,,,110088
1132,St. Stephen's Senior Secondary School,1,India,1,Delhi,1,Delhi,9,North West Delhi,820,Pitampura,,,110034
1158,St. Xavier's School,1,India,1,Delhi,1,Delhi,9,North West Delhi,833,Rohini,,,110085
1205,Sukriti World School,1,India,1,Delhi,1,Delhi,9,North West Delhi,790,Khera Khurd,,,110082
1652,Tecnia International School,1,India,1,Delhi,1,Delhi,9,North West Delhi,833,Rohini,,,110085
1710,The Shri Ram Wonder Years,1,India,1,Delhi,1,Delhi,9,North West Delhi,833,Rohini,,,110085
1153,The Sovereign School,1,India,1,Delhi,1,Delhi,9,North West Delhi,833,Rohini,,,110085
1151,The Srijan School,1,India,1,Delhi,1,Delhi,9,North West Delhi,801,Model Town,,,110009
1141,The Vivekanand School,1,India,1,Delhi,1,Delhi,9,North West Delhi,811,Narela,,,110040
1188,Titiksha Public School,1,India,1,Delhi,1,Delhi,9,North West Delhi,833,Rohini,,,110085
1226,Tulips International School,1,India,1,Delhi,1,Delhi,9,North West Delhi,823,Pooth Khurd,,,110039
1229,Tyagi Public School,1,India,1,Delhi,1,Delhi,9,North West Delhi,787,Keshav Puram,,,110035
1690,Venkateshwar Global School,1,India,1,Delhi,1,Delhi,9,North West Delhi,833,Rohini,,,110085
264,Vidya Bharati School,1,India,1,Delhi,1,Delhi,9,North West Delhi,833,Rohini,,,110085
1176,Vidya Jain Public School,1,India,1,Delhi,1,Delhi,9,North West Delhi,833,Rohini,,,110085
1174,Vikas Bharati Public School,1,India,1,Delhi,1,Delhi,9,North West Delhi,833,Rohini,,,110085
1234,Vishal Bharti Senior Secondary School,1,India,1,Delhi,1,Delhi,9,North West Delhi,820,Pitampura,,,110034
1164,VSPK International School,1,India,1,Delhi,1,Delhi,9,North West Delhi,833,Rohini,,,110085
1274,Waves International School,1,India,1,Delhi,1,Delhi,9,North West Delhi,811,Narela,,,110040
1223,White Leaf Public School,1,India,1,Delhi,1,Delhi,9,North West Delhi,755,Bawana,,,110039
1173,Yuvashakti Model School,1,India,1,Delhi,1,Delhi,9,North West Delhi,759,Budh Vihar,,,110086
1715,P P International School,1,India,1,Delhi,1,Delhi,9,North West Delhi,820,Pitampura,,,110034
1655,M.R.S.D. Saraswati Shishu Mandir,1,India,1,Delhi,1,Delhi,9,North West Delhi,770,Gujranwala Town,,,110033
1568,"Vidya Jain Public School, Rohini",1,India,1,Delhi,1,Delhi,9,North West Delhi,833,Rohini,,,110085
1352,"Remal Public Sr. Sec. School, Rohini",1,India,1,Delhi,1,Delhi,9,North West Delhi,833,Rohini,,,110085
1347,"GD Goenka Public School,Rohini sector-9",1,India,1,Delhi,1,Delhi,9,North West Delhi,833,Rohini,,,110085
1286,P.S.M. Public School,1,India,1,Delhi,1,Delhi,9,North West Delhi,855,Sultanpuri B Block,,,110086
1282,Chander Bhan Memorial Public School,1,India,1,Delhi,1,Delhi,9,North West Delhi,759,Budh Vihar,,,110086
1276,Devendra Public School,1,India,1,Delhi,1,Delhi,9,North West Delhi,791,Kirari Suleman nagar,,,110086
1271,Aristotle Public School,1,India,1,Delhi,1,Delhi,9,North West Delhi,828,Qutab Garh,,,110039
1255,Chand Ram Public School,1,India,1,Delhi,1,Delhi,9,North West Delhi,810,Nangal Thakran,,,110039
1245,Bhagat Ji Memorial Model Secondary School,1,India,1,Delhi,1,Delhi,9,North West Delhi,818,Palla,,,110036
1243,Panacea National Public School,1,India,1,Delhi,1,Delhi,9,North West Delhi,853,Siraspur,,,110042
1230,Arvind Gupta DAV Centery Public School,1,India,1,Delhi,1,Delhi,9,North West Delhi,801,Model Town,,,110009
1221,Apollo Convent School,1,India,1,Delhi,1,Delhi,9,North West Delhi,775,Holambi Kalan,,,110082
1218,B.M. Bharti Model School,1,India,1,Delhi,1,Delhi,9,North West Delhi,833,Rohini,,,110085
1217,Citizen Model School,1,India,1,Delhi,1,Delhi,9,North West Delhi,759,Budh Vihar,,,110086
1214,Nav Durga Adarsh Vidyalaya School,1,India,1,Delhi,1,Delhi,9,North West Delhi,759,Budh Vihar,,,110086
1201,Parkash Bharti Public School,1,India,1,Delhi,1,Delhi,9,North West Delhi,791,Kirari Suleman nagar,,,110086
1198,Mata Sukhdevi Public School,1,India,1,Delhi,1,Delhi,9,North West Delhi,809,Nangal Poona,,,110036
1196,St. Francis Convent School,1,India,1,Delhi,1,Delhi,9,North West Delhi,759,Budh Vihar,,,110086
1186,Queen's Convent School,1,India,1,Delhi,1,Delhi,9,North West Delhi,833,Rohini,,,110085
1191,Aurobindo Public School,1,India,1,Delhi,1,Delhi,9,North West Delhi,759,Budh Vihar,,,110086
1184,Jagannath International School,1,India,1,Delhi,1,Delhi,9,North West Delhi,820,Pitampura,,,110034
1144,"Modern Public School, Shalimar Bagh",1,India,1,Delhi,1,Delhi,9,North West Delhi,850,Shalimar Bagh,,,110088
1140,"Delhi international School, Rohini",1,India,1,Delhi,1,Delhi,9,North West Delhi,833,Rohini,,,110085
1129,"Venkateshwar Global School, Rohini",1,India,1,Delhi,1,Delhi,9,North West Delhi,833,Rohini,,,110085
1127,"The Heritage School, Rohini",1,India,1,Delhi,1,Delhi,9,North West Delhi,833,Rohini,,,110085
289,Shiva Model Public School,1,India,1,Delhi,1,Delhi,9,North West Delhi,845,Daulatpur,,,110042
324,Vishv Manav Hanuman Saraswati Shishu Mandir,1,India,1,Delhi,1,Delhi,9,North West Delhi,811,Narela,,,110040
1638,St. John School,1,India,1,Delhi,1,Delhi,18,Shahdara,3340,Shahdara,,,110032
1734,SRRJM Green Fields Public School,1,India,1,Delhi,1,Delhi,18,Shahdara,3355,Maujpur,,,110053
1553,Kala Niketan Sr. Sec. Bal Vidyalaya,1,India,1,Delhi,1,Delhi,18,Shahdara,3346,DurgapuriExtension,,,110093
272,St. Krishna Bodh Public School,1,India,1,Delhi,1,Delhi,18,Shahdara,3347,JyotiNagar,,,110093
1604,St. Joseph's School,1,India,1,Delhi,1,Delhi,18,Shahdara,3364,SavitaVihar,,,110092
1835,Dr Radhakrishnan International School,1,India,1,Delhi,1,Delhi,8,South Delhi,687,Defence Colony (South Delhi),,,110024
313,Little Noddy International Play School,1,India,1,Delhi,1,Delhi,8,South Delhi,701,Jamia Nagar,,,110025
1839,Dps,1,India,1,Delhi,1,Delhi,8,South Delhi,737,South Malviya Nagar,,,110017
1826,manav bharti public school,1,India,1,Delhi,1,Delhi,8,South Delhi,737,South Malviya Nagar,,,110017
1800,aliza malik,1,India,1,Delhi,1,Delhi,8,South Delhi,737,South Malviya Nagar,,,110017
1796,Samrat J Chandel,1,India,1,Delhi,1,Delhi,8,South Delhi,727,Pushp Vihar,,,110062
1795,Birla vidya niketan,1,India,1,Delhi,1,Delhi,8,South Delhi,727,Pushp Vihar,,,110017
1792,sachool of excellence,1,India,1,Delhi,1,Delhi,8,South Delhi,712,Madanpur Khadar,,,110076
1696,"Apeejay School, Sheikh Sarai",1,India,1,Delhi,1,Delhi,8,South Delhi,723,Panchsheel Park,,,110017
1639,"Amity International School, Saket",1,India,1,Delhi,1,Delhi,8,South Delhi,732,Saket (South Delhi),,,110017
1635,"G.D. Goenka Public School, Sarita Vihar",1,India,1,Delhi,1,Delhi,8,South Delhi,735,Sarita Vihar,,,110076
1634,Don Bosco School,1,India,1,Delhi,1,Delhi,8,South Delhi,672,Alaknanda,,,110019
1633,"Daisy Dales Sr. Secondary School, East of Kailash",1,India,1,Delhi,1,Delhi,8,South Delhi,690,East Of Kailash,,,110065
1632,"Cambridge School, Srinivaspuri",1,India,1,Delhi,1,Delhi,8,South Delhi,738,Sriniwaspuri,,,110065
1621,BlueBells School International,1,India,1,Delhi,1,Delhi,8,South Delhi,704,Kailash Colony,,,110048
1617,The Frank Anthony Public School,1,India,1,Delhi,1,Delhi,8,South Delhi,709,Lajpat Nagar (South Delhi),,,110024
1615,"Tagore International School, East of Kailash",1,India,1,Delhi,1,Delhi,8,South Delhi,690,East Of Kailash,,,110065
1603,"St. George School, Alaknanda",1,India,1,Delhi,1,Delhi,8,South Delhi,672,Alaknanda,,,110019
1602,"Kalka Public School, Kalkaji",1,India,1,Delhi,1,Delhi,8,South Delhi,672,Alaknanda,,,110019
1559,Lucknow Public School,1,India,1,Delhi,1,Delhi,8,South Delhi,733,Sangam Vihar,,,110080
650,"Sant Nirankari Public School, Malviya Nagar",1,India,1,Delhi,1,Delhi,8,South Delhi,737,South Malviya Nagar,,,110017
649,Malviya Public School,1,India,1,Delhi,1,Delhi,8,South Delhi,737,South Malviya Nagar,,,110017
648,KSK Academy,1,India,1,Delhi,1,Delhi,8,South Delhi,733,Sangam Vihar,,,110080
647,Sona Modern Public School,1,India,1,Delhi,1,Delhi,8,South Delhi,707,Khanpur (South Delhi),,,110062
646,Maya Goel Vidya Niketan,1,India,1,Delhi,1,Delhi,8,South Delhi,733,Sangam Vihar,,,110080
642,Jagriti Public School,1,India,1,Delhi,1,Delhi,8,South Delhi,733,Sangam Vihar,,,110062
641,Savitri Public School,1,India,1,Delhi,1,Delhi,8,South Delhi,733,Sangam Vihar,,,110080
639,Amrita Public School,1,India,1,Delhi,1,Delhi,8,South Delhi,733,Sangam Vihar,,,110080
638,Cambridge Public School,1,India,1,Delhi,1,Delhi,8,South Delhi,733,Sangam Vihar,,,110080
637,NGF Junior School,1,India,1,Delhi,1,Delhi,8,South Delhi,737,South Malviya Nagar,,,110017
636,Hamdard Public School,1,India,1,Delhi,1,Delhi,8,South Delhi,733,Sangam Vihar,,,110080
645,Modern Green Valley Public School,1,India,1,Delhi,1,Delhi,8,South Delhi,733,Sangam Vihar,,,110062
634,AES Dr. K. Ramesh Babu Memorial Senior Secondary School,1,India,1,Delhi,1,Delhi,8,South Delhi,727,Pushp Vihar,,,110017
633,Modern New Delhi Public School,1,India,1,Delhi,1,Delhi,8,South Delhi,733,Sangam Vihar,,,110062
632,Tinu Public School,1,India,1,Delhi,1,Delhi,8,South Delhi,733,Sangam Vihar,,,110062
631,Red Roses Public School,1,India,1,Delhi,1,Delhi,8,South Delhi,732,Saket (South Delhi),,,110017
628,St. Mary's Public School,1,India,1,Delhi,1,Delhi,8,South Delhi,733,Sangam Vihar,,,110062
627,Mount Columbus School,1,India,1,Delhi,1,Delhi,8,South Delhi,683,Dakshinpuri,,,110062
625,The Foundation School,1,India,1,Delhi,1,Delhi,8,South Delhi,729,Sadiq Nagar,,,110049
624,The Pinnacle School,1,India,1,Delhi,1,Delhi,8,South Delhi,723,Panchsheel Park,,,110017
623,New Green Field School,1,India,1,Delhi,1,Delhi,8,South Delhi,732,Saket (South Delhi),,,110017
622,Manav Bharati India International School,1,India,1,Delhi,1,Delhi,8,South Delhi,723,Panchsheel Park,,,110017
621,Amrita Vidyalayam,1,India,1,Delhi,1,Delhi,8,South Delhi,727,Pushp Vihar,,,110017
619,The Indian School,1,India,1,Delhi,1,Delhi,8,South Delhi,729,Sadiq Nagar,,,110049
618,Gyan Bharati School,1,India,1,Delhi,1,Delhi,8,South Delhi,732,Saket (South Delhi),,,110017
617,DPS International School,1,India,1,Delhi,1,Delhi,8,South Delhi,727,Pushp Vihar,,,110017
616,"Apeejay School, Saket",1,India,1,Delhi,1,Delhi,8,South Delhi,732,Saket (South Delhi),,,110017
615,Birla Vidya Niketan,1,India,1,Delhi,1,Delhi,8,South Delhi,727,Pushp Vihar,,,110017
614,"Amity International School, Pushp Vihar",1,India,1,Delhi,1,Delhi,8,South Delhi,727,Pushp Vihar,,,110017
630,"Vidya Niketan Senior Secondary School, Saket",1,India,1,Delhi,1,Delhi,8,South Delhi,732,Saket (South Delhi),,,110017
653,Hari Vidya Bhawan Senior Secondary School,1,India,1,Delhi,1,Delhi,8,South Delhi,733,Sangam Vihar,,,110062
1629,"Summer Fields School, Greater Kailash",1,India,1,Delhi,1,Delhi,19,South East Delhi,3370,Greater Kailash,,,110048
1627,"K.R. Mangalam World School, Chittaranjan Park",1,India,1,Delhi,1,Delhi,19,South East Delhi,3372,Greater Kailash 2,,,110048
330,CSKM Public School,1,India,1,Delhi,1,Delhi,17,South West Delhi,3215,Chattarpur,,,110074
620,Laxman Public School,1,India,1,Delhi,1,Delhi,17,South West Delhi,3241,Hauz Khas,,,110016
626,"St. Anthony's Senior Secondary School, Hauz Khas",1,India,1,Delhi,1,Delhi,17,South West Delhi,3241,Hauz Khas,,,110016
629,Mirambika - Free Progress School,1,India,1,Delhi,1,Delhi,17,South West Delhi,3241,Hauz Khas,,,110016
635,St. Paul's School,1,India,1,Delhi,1,Delhi,17,South West Delhi,3241,Hauz Khas,,,110016
1647,Navy Childrens School,1,India,1,Delhi,1,Delhi,17,South West Delhi,3213,Chanakya Puri,,,110021
1641,"Carmel Convent School, Chanakyapuri",1,India,1,Delhi,1,Delhi,17,South West Delhi,3213,Chanakya Puri,,,110021
1640,The British School,1,India,1,Delhi,1,Delhi,17,South West Delhi,3213,Chanakya Puri,,,110021
1807,"Delhi Public School, Dwarka",1,India,1,Delhi,1,Delhi,17,South West Delhi,3232,Dwarka,24,Dwarka Sector 3,110078
1743,Oxford,1,India,1,Delhi,1,Delhi,17,South West Delhi,3221,Dabri,,,110046
1720,Natkhat,1,India,1,Delhi,1,Delhi,17,South West Delhi,3278,Najafgarh,,,110043
1677,Nirmal Bharti School,1,India,1,Delhi,1,Delhi,17,South West Delhi,3232,Dwarka,9,Dwarka Sector 14,110078
1676,"N.K. Bagrodia Public School, Dwarka",1,India,1,Delhi,1,Delhi,17,South West Delhi,3232,Dwarka,25,Dwarka Sector 4,110075
1675,"Mount Carmel School, Dwarka",1,India,1,Delhi,1,Delhi,17,South West Delhi,3232,Dwarka,16,Dwarka Sector 22,110077
1669,"JM International School, Dwarka",1,India,1,Delhi,1,Delhi,17,South West Delhi,3232,Dwarka,6,Dwarka Sector 6,110075
1665,Bal Bhavan International School,1,India,1,Delhi,1,Delhi,17,South West Delhi,3232,Dwarka,7,Dwarka Sector 12,110078
1664,"Bal Bharati Public School,Dwarka",1,India,1,Delhi,1,Delhi,17,South West Delhi,3232,Dwarka,7,Dwarka Sector 12,110078
1661,The Indian Heights School,1,India,1,Delhi,1,Delhi,17,South West Delhi,3232,Dwarka,17,Dwarka Sector 23,110075
1658,Sri Venkateshwar International School,1,India,1,Delhi,1,Delhi,17,South West Delhi,3232,Dwarka,13,Dwarka Sector 18,110078
1353,"Delhi International School, Dwarka",1,India,1,Delhi,1,Delhi,17,South West Delhi,3232,Dwarka,16,Dwarka Sector 22,110077
1351,"Prudence Schools, Dwarka",1,India,1,Delhi,1,Delhi,17,South West Delhi,3232,Dwarka,16,Dwarka Sector 22,110077
281,Tagore Sr. Sec. School,1,India,1,Delhi,1,Delhi,17,South West Delhi,3271,Mayapuri,,,110064
1830,Delhi Public School,1,India,1,Delhi,1,Delhi,17,South West Delhi,3285,Nasirpur,,,110045
1817,Mohammed Ayan,1,India,1,Delhi,1,Delhi,17,South West Delhi,3276,Munirka,,,110037
1786,Dav Vasant kunj,1,India,1,Delhi,1,Delhi,17,South West Delhi,3328,Sultanpur,,,110030
1742,Shreyansh,1,India,1,Delhi,1,Delhi,17,South West Delhi,3300,R K Puram (Main),,,110066
1698,"Bloom Public School, Sector 6",1,India,1,Delhi,1,Delhi,17,South West Delhi,3335,Vasant Kunj,,,110070
1697,Chinmaya Vidyalaya,1,India,1,Delhi,1,Delhi,17,South West Delhi,3335,Vasant Kunj,,,110070
1695,"Mount Carmel School,Anand Niketan",1,India,1,Delhi,1,Delhi,17,South West Delhi,3198,Anand Niketan,,,110021
1636,"Guru Harkrishan Public School, Vasant Vihar",1,India,1,Delhi,1,Delhi,17,South West Delhi,3337,Vasant Vihar-1,,,110057
1631,"Bhatnagar International School,Vasant Kunj",1,India,1,Delhi,1,Delhi,17,South West Delhi,3335,Vasant Kunj,,,110070
1630,Ambience Public School,1,India,1,Delhi,1,Delhi,17,South West Delhi,3316,Safdarjung Enclave,,,110029
1628,"Poorna Prajna Public School, Vasant Kunj",1,India,1,Delhi,1,Delhi,17,South West Delhi,3335,Vasant Kunj,,,110070
1624,G D Goenka Public School,1,India,1,Delhi,1,Delhi,17,South West Delhi,3335,Vasant Kunj,,,110070
1623,"Delhi Public School,RK Puram",1,India,1,Delhi,1,Delhi,17,South West Delhi,3302,R K Puram Sect-12,,,110022
1622,"DAV Public School, Vasant Kunj",1,India,1,Delhi,1,Delhi,17,South West Delhi,3335,Vasant Kunj,,,110070
1619,"The Shri Ram School, Vasant Vihar",1,India,1,Delhi,1,Delhi,17,South West Delhi,3337,Vasant Vihar-1,,,110057
1618,"The Heritage School, Vasant Kunj",1,India,1,Delhi,1,Delhi,17,South West Delhi,3335,Vasant Kunj,,,110070
1616,"Tagore International School, Vasant Vihar",1,India,1,Delhi,1,Delhi,17,South West Delhi,3337,Vasant Vihar-1,,,110057
1614,"Ryan International School,Vasant Kunj",1,India,1,Delhi,1,Delhi,17,South West Delhi,3335,Vasant Kunj,,,110070
1613,"Ramjas School, RK Puram",1,India,1,Delhi,1,Delhi,17,South West Delhi,3304,R K Puram Sect-4,,,110022
1611,"Modern School, Vasant Vihar",1,India,1,Delhi,1,Delhi,17,South West Delhi,3337,Vasant Vihar-1,,,110057
1610,"Delhi Public School,Vasant Kunj",1,India,1,Delhi,1,Delhi,17,South West Delhi,3335,Vasant Kunj,,,110070
1607,Vasant Valley School,1,India,1,Delhi,1,Delhi,17,South West Delhi,3335,Vasant Kunj,,,110070
655,"Prince Public School, Mehrauli",1,India,1,Delhi,1,Delhi,17,South West Delhi,3272,Mehrauli,,,110030
644,"St. John's School, Mehrauli",1,India,1,Delhi,1,Delhi,17,South West Delhi,3272,Mehrauli,,,110030
643,Sahoday Senior Secondary School,1,India,1,Delhi,1,Delhi,17,South West Delhi,3241,Hauz Khas,,,110016
651,General Raj's School,1,India,1,Delhi,1,Delhi,17,South West Delhi,3241,Hauz Khas,,,110016
1809,My chhota school,1,India,3,Haryana,6,Gurgaon,11,Gurgaon,1369,"New Colony, Sector 7",,,122001
1793,GEMS International School,1,India,3,Haryana,6,Gurgaon,11,Gurgaon,1239,Palam Vihar,,,122017
1791,GEMS Modern Academy,1,India,3,Haryana,6,Gurgaon,11,Gurgaon,1344,"South City-II,Sector 49",,,122018
1782,St. Xavier's High School,1,India,3,Haryana,6,Gurgaon,11,Gurgaon,1344,"Rosewood City,  Sector 49",,,122018
1781,Shikshantar School,1,India,3,Haryana,6,Gurgaon,11,Gurgaon,1336,"South City I, Sector 41",,,122001
1780,"DAV Public School, Sohna Road",1,India,3,Haryana,6,Gurgaon,11,Gurgaon,1344,Sector 49,,,122018
1779,Scottish High International School,1,India,3,Haryana,6,Gurgaon,11,Gurgaon,1354,Sector 57,,,122011
1747,"GD Goenka Global School, Nathupur",1,India,3,Haryana,6,Gurgaon,11,Gurgaon,1228,Nathupur,,,122002
1777,"GD Goenka Global School, Nathupur",1,India,3,Haryana,6,Gurgaon,11,Gurgaon,1228,Nathupur,,,122002
1776,Lotus Valley International School,1,India,3,Haryana,6,Gurgaon,11,Gurgaon,1346,"South City II, Sector 50",,,122018
1773,Alpine Convent School,1,India,3,Haryana,6,Gurgaon,11,Gurgaon,1274,Sector 10,,,122001
376,The Pine Crest School,1,India,3,Haryana,6,Gurgaon,11,Gurgaon,1315,Sector 26,,,122002
375,"Narayana e-Techno School, Gurgaon",1,India,3,Haryana,6,Gurgaon,11,Gurgaon,1317,Sector 28,,,122022
366,Kunskapsskolan,1,India,3,Haryana,6,Gurgaon,11,Gurgaon,1317,Sector 28,,,122022
365,American Montessori public School,1,India,3,Haryana,6,Gurgaon,11,Gurgaon,1101,DLF Phase 2,,,122002
363,"Delhi Public School, DLF City",1,India,3,Haryana,6,Gurgaon,11,Gurgaon,1313,Sector 25,,,122008
335,Unicosmos School,1,India,3,Haryana,6,Gurgaon,11,Gurgaon,1352,Sector 55,,,122011
1775,Sun city school,1,India,3,Haryana,6,Gurgaon,11,Gurgaon,1351,Sector  54,,,122002
1816,Sun city school,1,India,3,Haryana,6,Gurgaon,11,Gurgaon,1351,Sector  54,,,122002
1784,"Amity International School, Gurugram",1,India,3,Haryana,6,Gurgaon,11,Gurgaon,1341,Sector - 46,,,122022
1783,Shiv Nadar School,1,India,3,Haryana,6,Gurgaon,11,Gurgaon,1100,"DLF City, Phase -1",,,122011
1778,Heritage Xperiential Learning School,1,India,3,Haryana,6,Gurgaon,11,Gurgaon,1360,Sector 62,,,122005
1774,Excelsior American School,1,India,3,Haryana,6,Gurgaon,11,Gurgaon,1100,DLF Phase 1,,,122001
1563,Made Easy School,1,India,3,Haryana,6,Gurgaon,11,Gurgaon,1355,Sector 58,,,122102
1349,Gurugram Global Heights School,1,India,3,Haryana,6,Gurgaon,11,Gurgaon,1277,"Sector 102,",,,122001
419,"Lancers International School, Sector 43",1,India,3,Haryana,6,Gurgaon,11,Gurgaon,1104,DLF Phase 5,,,122001
420,"Lancers International School, Sector 53",1,India,3,Haryana,6,Gurgaon,11,Gurgaon,1104,DLF Phase 5,,,122001
382,"VIBGYOR High, Gurgaon",1,India,3,Haryana,6,Gurgaon,11,Gurgaon,1365,Sector 67,,,122001
380,Ridge Valley School,1,India,3,Haryana,6,Gurgaon,11,Gurgaon,1103,DLF Phase IV,,,122001
379,The Shri Ram School - Aravali,1,India,3,Haryana,6,Gurgaon,11,Gurgaon,1103,"DLF Phase IV,",,,122002
378,St. Xavier's Blessings School,1,India,3,Haryana,6,Gurgaon,11,Gurgaon,1103,DLF Phase IV,,,122022
377,St. PBN Public School,1,India,3,Haryana,6,Gurgaon,11,Gurgaon,1303,Sector 17-B,,,122003
374,Rotary Public School,1,India,3,Haryana,6,Gurgaon,11,Gurgaon,1309,Sector 22,,,122015
373,Ascent Public School,1,India,3,Haryana,6,Gurgaon,11,Gurgaon,1103,DLF City IV,,,122002
372,The Navyandhra School,1,India,3,Haryana,6,Gurgaon,11,Gurgaon,1344,Sector 49,,,122018
371,"Summer Fields School, Gurgaon",1,India,3,Haryana,6,Gurgaon,11,Gurgaon,1100,DLF Phase 1,,,122001
370,New Vision Senior Secondary School,1,India,3,Haryana,6,Gurgaon,11,Gurgaon,1307,Sector 20,,,122015
369,Rao Shyam Lal Memorial Public School,1,India,3,Haryana,6,Gurgaon,11,Gurgaon,1304,"Sector 18,",,,122022
368,Little Flower Ideal English school,1,India,3,Haryana,6,Gurgaon,11,Gurgaon,1304,Sector 18,,,122008
367,Sherwood Convent School,1,India,3,Haryana,6,Gurgaon,11,Gurgaon,1101,"DLF Phase 2,",,,122002
364,The Shri Ram school - Moulsari,1,India,3,Haryana,6,Gurgaon,11,Gurgaon,1102,DLF Phase 3,,,122002
362,Rabindranath World School,1,India,3,Haryana,6,Gurgaon,11,Gurgaon,1102,"DLF Phase 3,",,,122002
360,Ajanta Public School,1,India,3,Haryana,6,Gurgaon,11,Gurgaon,1321,Sector 31,,,122001
359,Cornerstone Learning Centre,1,India,3,Haryana,6,Gurgaon,11,Gurgaon,1102,DLF Phase 3,,,122002
331,"Mother's Mount Pre-School, Gurgaon",1,India,3,Haryana,6,Gurgaon,11,Gurgaon,1312,Sector 24,,,122002
1834,Akash kumar,1,India,2,Uttar Pradesh,5,Noida,10,Noida,959,Sector 18,,,201301
1805,Cambridge public school,1,India,2,Uttar Pradesh,5,Noida,10,Noida,946,Sector 15A,,,201301
1768,"Cambridge School, Gautam Budh Nagar",1,India,2,Uttar Pradesh,5,Noida,10,Noida,971,Sector 27,,,201301
1767,"Somerville School, Gautam Budh Nagar",1,India,2,Uttar Pradesh,5,Noida,10,Noida,965,Sector- 22,,,201301
1766,Pathways School,1,India,2,Uttar Pradesh,5,Noida,10,Noida,876,Sector 100,,,201303
1765,"Delhi Public School, Gautam Budh Nagar",1,India,2,Uttar Pradesh,5,Noida,10,Noida,975,Sector 30,,,201303
1572,SKS World School Noida,1,India,2,Uttar Pradesh,5,Noida,10,Noida,915,Sector 137,,,201305
1550,"Amity Global School, Noida",1,India,2,Uttar Pradesh,5,Noida,10,Noida,992,Sector 44,,,201301
1029,Noida Public Senior Secondary School,1,India,2,Uttar Pradesh,5,Noida,10,Noida,966,Sector 23,,,201301
1028,Sambhu Dayal Public School,1,India,2,Uttar Pradesh,5,Noida,10,Noida,892,Sector 115,,,201306
1027,N.S. Public School,1,India,2,Uttar Pradesh,5,Noida,10,Noida,970,Sector 26,,,201301
1026,Ukti - The Delhi Waldorf School,1,India,2,Uttar Pradesh,5,Noida,10,Noida,908,Sector 130,,,201304
1025,Shailja Convent School,1,India,2,Uttar Pradesh,5,Noida,10,Noida,993,Sector 45,,,201301
1024,Alliance World School,1,India,2,Uttar Pradesh,5,Noida,10,Noida,1006,Sector 56,,,201301
1023,Mahamaya Balika Inter College,1,India,2,Uttar Pradesh,5,Noida,10,Noida,992,Sector 44,,,201301
1022,Pragati Public High School,1,India,2,Uttar Pradesh,5,Noida,10,Noida,865,Chaukhandi,,,201307
1021,"St. Xavier's High School, Krishan Vihar",1,India,2,Uttar Pradesh,5,Noida,10,Noida,906,Sector 128,,,201304
1020,Lord Mahavira School,1,India,2,Uttar Pradesh,5,Noida,10,Noida,973,Sector 29,,,201303
1019,Radiant Academy,1,India,2,Uttar Pradesh,5,Noida,10,Noida,892,Sector 115,,,201304
1018,Panchsheel Balak Inter college,1,India,2,Uttar Pradesh,5,Noida,10,Noida,1048,Sector 91,,,201301
1017,Amar Public School,1,India,2,Uttar Pradesh,5,Noida,10,Noida,983,Sector 37,,,201303
1016,Uttarakhand Public School,1,India,2,Uttar Pradesh,5,Noida,10,Noida,1006,Sector 56,,,201301
1015,"Adarsh Public School, Gautam Budh Nagar",1,India,2,Uttar Pradesh,5,Noida,10,Noida,1002,Sector 52,,,201307
1014,Karl Huber School,1,India,2,Uttar Pradesh,5,Noida,10,Noida,1013,Sector 62,,,201309
1013,Rudra Global School,1,India,2,Uttar Pradesh,5,Noida,10,Noida,1015,Sector 63,,,201304
1012,Bhaurav Devras Saraswati Vidya Mandir,1,India,2,Uttar Pradesh,5,Noida,10,Noida,897,Sector 12,,,201301
1011,Brahmananda Public School,1,India,2,Uttar Pradesh,5,Noida,10,Noida,962,Sector 20,,,201301
1010,Shri Jee Sanskar Public School,1,India,2,Uttar Pradesh,5,Noida,10,Noida,993,Sector 45,,,201301
1009,Noida Educational Academy,1,India,2,Uttar Pradesh,5,Noida,10,Noida,910,Sector 132,,,201301
1008,SHEMROCK School,1,India,2,Uttar Pradesh,5,Noida,10,Noida,893,Sector 116,,,201303
1007,Indian National Public School,1,India,2,Uttar Pradesh,5,Noida,10,Noida,962,Sector 20,,,201301
1005,Rockwood School,1,India,2,Uttar Pradesh,5,Noida,10,Noida,978,Sector 33,,,201307
1004,Nehru International Public School,1,India,2,Uttar Pradesh,5,Noida,10,Noida,886,Sector 11,,,201301
1003,Jagran Public School,1,India,2,Uttar Pradesh,5,Noida,10,Noida,996,Sector 47,,,201303
1002,RSS International School,1,India,2,Uttar Pradesh,5,Noida,10,Noida,993,Sector 45,,,201303
1001,Sri Sri Ravishankar Vidya Mandir,1,India,2,Uttar Pradesh,5,Noida,10,Noida,997,Sector 48,,,201303
1000,Green Valley Academy,1,India,2,Uttar Pradesh,5,Noida,10,Noida,997,Sector 48,,,201303
999,Great Columbus School,1,India,2,Uttar Pradesh,5,Noida,10,Noida,955,Sector 167,,,201305
998,City Public School,1,India,2,Uttar Pradesh,5,Noida,10,Noida,1012,Sector 61,,,201301
997,Yadu Public School,1,India,2,Uttar Pradesh,5,Noida,10,Noida,1026,Sector 73,,,201304
996,The SD Vidya School,1,India,2,Uttar Pradesh,5,Noida,10,Noida,998,Sector 49,,,201301
995,Maharishi Vidya Mandir School,1,India,2,Uttar Pradesh,5,Noida,10,Noida,982,Sector 36,,,201303
994,"Marigold Public School, Sector 19",1,India,2,Uttar Pradesh,5,Noida,10,Noida,960,Sector 19,,,201301
993,R K Modern Senior Secondary School,1,India,2,Uttar Pradesh,5,Noida,10,Noida,1005,Sector 55,,,201307
992,Shanti International School,1,India,2,Uttar Pradesh,5,Noida,10,Noida,956,Sector 168,,,201306
991,Silvertone School,1,India,2,Uttar Pradesh,5,Noida,10,Noida,996,Sector 47,,,201304
990,Sunriseville School,1,India,2,Uttar Pradesh,5,Noida,10,Noida,968,Sector 25,,,201301
989,Mohan International School,1,India,2,Uttar Pradesh,5,Noida,10,Noida,1013,Sector 62,,,201301
988,Fortune World School,1,India,2,Uttar Pradesh,5,Noida,10,Noida,881,Sector 105,,,201304
987,S.S. Public School,1,India,2,Uttar Pradesh,5,Noida,10,Noida,887,Sector 110,,,201304
986,Nilgiri Hills Public School,1,India,2,Uttar Pradesh,5,Noida,10,Noida,1000,Sector 50,,,201301
985,The Ardee School,1,India,2,Uttar Pradesh,5,Noida,10,Noida,876,Sector 100,,,201301
984,Sarla Chopra D.A.V. Public School,1,India,2,Uttar Pradesh,5,Noida,10,Noida,1006,Sector 56,,,201301
983,Raghav Global School,1,India,2,Uttar Pradesh,5,Noida,10,Noida,900,Sector 122,,,201307
982,Prometheus School,1,India,2,Uttar Pradesh,5,Noida,10,Noida,909,Sector 131,,,201304
981,"PRESIDIUM School, Gautam Budh Nagar",1,India,2,Uttar Pradesh,5,Noida,10,Noida,976,Sector 31,,,201301
980,Noida International Public School,1,India,2,Uttar Pradesh,5,Noida,10,Noida,899,Sector 121,,,201301
979,Sapphire International School,1,India,2,Uttar Pradesh,5,Noida,10,Noida,1023,Sector 70,,,201301
978,"Vanasthali Public School, Gautam Budh Nagar",1,India,2,Uttar Pradesh,5,Noida,10,Noida,1006,Sector 56,,,201301
977,"Army Public School, Gautam Budh Nagar",1,India,2,Uttar Pradesh,5,Noida,10,Noida,983,Sector 37,,,201303
976,JSS Public School,1,India,2,Uttar Pradesh,5,Noida,10,Noida,1012,Sector 61,,,201301
975,LPS Global School,1,India,2,Uttar Pradesh,5,Noida,10,Noida,996,Sector 47,,,201304
974,JBM Global School,1,India,2,Uttar Pradesh,5,Noida,10,Noida,910,Sector 132,,,201301
973,Mayoor School,1,India,2,Uttar Pradesh,5,Noida,10,Noida,904,Sector 126,,,201304
972,ASPAM Scottish School,1,India,2,Uttar Pradesh,5,Noida,10,Noida,1013,Sector 62,,,201307
971,Shiv Nadar School,1,India,2,Uttar Pradesh,5,Noida,10,Noida,956,Sector 168,,,201305
970,Indus Valley Public School,1,India,2,Uttar Pradesh,5,Noida,10,Noida,1013,Sector 62,,,201301
969,"Amity Global School, Gautam Budh Nagar",1,India,2,Uttar Pradesh,5,Noida,10,Noida,992,Sector 44,,,201301
968,Global Indian International School,1,India,2,Uttar Pradesh,5,Noida,10,Noida,1024,Sector 71,,,201301
967,Somerville International School,1,India,2,Uttar Pradesh,5,Noida,10,Noida,910,Sector 132,,,201301
966,Kothari International School,1,India,2,Uttar Pradesh,5,Noida,10,Noida,1000,Sector 50,,,201301
965,"The Millennium School, Maruti Udyog",1,India,2,Uttar Pradesh,5,Noida,10,Noida,896,Sector 119,,,201305
964,Genesis Global School,1,India,2,Uttar Pradesh,5,Noida,10,Noida,910,Sector 132,,,201304
963,Gyanshree School,1,India,2,Uttar Pradesh,5,Noida,10,Noida,905,Sector 127,,,201304
961,"The Shriram Millennium School, Gautam Budh Nagar",1,India,2,Uttar Pradesh,5,Noida,10,Noida,913,Sector 135,,,201301
960,G.D. Goenka Global School,1,India,2,Uttar Pradesh,5,Noida,10,Noida,1000,Sector 50,,,201301
959,Prakriti,1,India,2,Uttar Pradesh,5,Noida,10,Noida,963,Sector 22,,,201301
958,"Bal Bharati Public School, Gautam Budh Nagar",1,India,2,Uttar Pradesh,5,Noida,10,Noida,963,Sector 21,,,201301
957,Assisi Convent School,1,India,2,Uttar Pradesh,5,Noida,10,Noida,978,Sector 33,,,201307
956,"Manav Rachna International School, Gautam Budh Nagar",1,India,2,Uttar Pradesh,5,Noida,10,Noida,1001,Sector 51,,,201301
955,Apeejay School,1,India,2,Uttar Pradesh,5,Noida,10,Noida,947,Sector 16,,,201301
954,Lotus Valley International School,1,India,2,Uttar Pradesh,5,Noida,10,Noida,904,Sector 126,,,201313
953,Amity International School,1,India,2,Uttar Pradesh,5,Noida,10,Noida,992,Sector 44,,,201303
952,Step By Step School,1,India,2,Uttar Pradesh,5,Noida,10,Noida,910,Sector 132,,,201303
951,"Fr. Agnel School, Gautam Budh Nagar",1,India,2,Uttar Pradesh,5,Noida,10,Noida,1013,Sector 62,,,201301
384,Baba International School,1,India,2,Uttar Pradesh,5,Noida,10,Noida,959,Sector 18,,,201301
345,"The Manthan School, Noida",1,India,2,Uttar Pradesh,5,Noida,10,Noida,1031,Sec 78,,,201201
328,Billabong High International School,1,India,2,Uttar Pradesh,5,Noida,10,Noida,980,Sector 34,,,201301
316,Aspal International School,1,India,2,Uttar Pradesh,5,Noida,10,Noida,1005,Sector 55,,,201301
286,Delhi Public School (GBN),1,India,2,Uttar Pradesh,5,Noida,10,Noida,910,Sector 132,,,201301
275,Indraprastha Global School,1,India,2,Uttar Pradesh,5,Noida,10,Noida,1052,Sector 93B,,,201301
258,Yash Memorial School,1,India,2,Uttar Pradesh,5,Noida,10,Noida,1008,Sector 58,,,201301
253,Ramagya School,1,India,2,Uttar Pradesh,5,Noida,10,Noida,1000,Sector 50,,,201301
1823,VIVA INTERNATIONAL PUBLIC SCHOOL,1,India,2,Uttar Pradesh,8,Ghaziabad,13,Ghaziabad,1728,Mohan Nagar (Ghaziabad),,,201007
1803,Presidium Raj Nagar,1,India,2,Uttar Pradesh,8,Ghaziabad,13,Ghaziabad,1766,Raj Nagar Extension,,,201017
1758,"St. Thomas School, Indirapuram",1,India,2,Uttar Pradesh,8,Ghaziabad,13,Ghaziabad,1687,Indirapuram,,,201014
1757,"Cambridge School, Indirapuram",1,India,2,Uttar Pradesh,8,Ghaziabad,13,Ghaziabad,1687,Indirapuram,,,201010
1756,"DLF Public School, Sahibabad",1,India,2,Uttar Pradesh,8,Ghaziabad,13,Ghaziabad,1778,Sahibabad,,,201005
1755,"Ryan International School, Dasna",1,India,2,Uttar Pradesh,8,Ghaziabad,13,Ghaziabad,1644,Dasna,,,201302
1753,"Holy Child School, Nehru Nagar",1,India,2,Uttar Pradesh,8,Ghaziabad,13,Ghaziabad,1744,Nehru Nagar,,,201001
1751,"Delhi Public School, Meerut Road",1,India,2,Uttar Pradesh,8,Ghaziabad,13,Ghaziabad,1725,Meerut Road,,,201001
1724,Nehru World School,1,India,2,Uttar Pradesh,8,Ghaziabad,13,Ghaziabad,1792,Shastri Nagar,,,201002
1577,St Andrews World School,1,India,2,Uttar Pradesh,8,Ghaziabad,13,Ghaziabad,1687,Indirapuram,,,201014
1575,"Delhi Public School, Sahibabad",1,India,2,Uttar Pradesh,8,Ghaziabad,13,Ghaziabad,1778,Sahibabad,,,201005
1567,Sanskar The Co-Educational School Hapur,1,India,2,Uttar Pradesh,8,Ghaziabad,13,Ghaziabad,1676,Hapur,,,245101
1564,"Sanskar Kids, Raj Nagar Extension",1,India,2,Uttar Pradesh,8,Ghaziabad,13,Ghaziabad,1766,Raj Nagar Extension,,,201017
1562,Khaitan Public School,1,India,2,Uttar Pradesh,8,Ghaziabad,13,Ghaziabad,1778,Sahibabad,,,201005
1549,G D Goenka School Indirapuram,1,India,2,Uttar Pradesh,8,Ghaziabad,13,Ghaziabad,1687,Indirapuram,,,201014
1548,GD Goenka Public School,1,India,2,Uttar Pradesh,8,Ghaziabad,13,Ghaziabad,1766,Raj Nagar Extension,,,201017
1348,"Parevartan School, Raj Nagar Extension",1,India,2,Uttar Pradesh,8,Ghaziabad,13,Ghaziabad,1766,Raj Nagar Extension,,,201017
945,"St. Mary's School, Pasonda",1,India,2,Uttar Pradesh,8,Ghaziabad,13,Ghaziabad,1757,Pasonda,,,201005
939,"Indraprastha Public School, Mohan Nagar",1,India,2,Uttar Pradesh,8,Ghaziabad,13,Ghaziabad,1728,Mohan Nagar (Ghaziabad),,,201007
936,"Shri Guru Ram Rai Public School, Govindpuram",1,India,2,Uttar Pradesh,8,Ghaziabad,13,Ghaziabad,1671,Govindpuram,,,201013
935,Brightland School,1,India,2,Uttar Pradesh,8,Ghaziabad,13,Ghaziabad,1671,Govindpuram,,,201013
933,Mahima Public Junior High School,1,India,2,Uttar Pradesh,8,Ghaziabad,13,Ghaziabad,1728,Mohan nagar (Ghaziabad),,,201007
925,Diamond Rose Public School,1,India,2,Uttar Pradesh,8,Ghaziabad,13,Ghaziabad,1661,Farrukh nagar,,,201003
923,Vidhaan Public School,1,India,2,Uttar Pradesh,8,Ghaziabad,13,Ghaziabad,1658,Duhai,,,201206
921,St. Xavier's World School,1,India,2,Uttar Pradesh,8,Ghaziabad,13,Ghaziabad,1658,Duhai,,,201206
920,Columbia Convent Institute,1,India,2,Uttar Pradesh,8,Ghaziabad,13,Ghaziabad,1730,Morta,,,201001
919,S.H.V.M. Public School,1,India,2,Uttar Pradesh,8,Ghaziabad,13,Ghaziabad,1653,Dhaulana,,,245301
912,JSM Public School,1,India,2,Uttar Pradesh,8,Ghaziabad,13,Ghaziabad,1661,Farrukh nagar,,,201001
902,D.A.V. Centenary Public School,1,India,2,Uttar Pradesh,8,Ghaziabad,13,Ghaziabad,1634,Chander nagar,,,201011
899,"Narayana e-Techno School, Morta",1,India,2,Uttar Pradesh,8,Ghaziabad,13,Ghaziabad,1730,Morta,,,201001
898,PC Senior Secondary School,1,India,2,Uttar Pradesh,8,Ghaziabad,13,Ghaziabad,1671,Govindpuram,,,201001
894,Police Modern School,1,India,2,Uttar Pradesh,8,Ghaziabad,13,Ghaziabad,1792,Shastri nagar,,,201002
893,Sanskar World School,1,India,2,Uttar Pradesh,8,Ghaziabad,13,Ghaziabad,1725,Meerut Road,,,201003
888,Lal Bahadur Shastri Sainik School,1,India,2,Uttar Pradesh,8,Ghaziabad,13,Ghaziabad,1705,Kavi nagar,,,201001
879,Milton Academy,1,India,2,Uttar Pradesh,8,Ghaziabad,13,Ghaziabad,1728,Mohan nagar (Ghaziabad),,,201004
878,Durgawati Hemraj Tah Saraswati Vidya Mandir,1,India,2,Uttar Pradesh,8,Ghaziabad,13,Ghaziabad,1744,Nehru nagar,,,201001
875,Ghaziabad Public School,1,India,2,Uttar Pradesh,8,Ghaziabad,13,Ghaziabad,1744,Nehru nagar,,,201001
874,J L Nehru Girls Public School,1,India,2,Uttar Pradesh,8,Ghaziabad,13,Ghaziabad,1792,Shastri Nagar,,,201002
873,Silver Shine School,1,India,2,Uttar Pradesh,8,Ghaziabad,13,Ghaziabad,1792,Shastri Nagar,,,201002
870,Air Force School Hindan,1,India,2,Uttar Pradesh,8,Ghaziabad,13,Ghaziabad,1728,Mohan nagar (Ghaziabad),,,201004
869,Delhi Mar Thoma Public School,1,India,2,Uttar Pradesh,8,Ghaziabad,13,Ghaziabad,1671,Govindpuram,,,201013
864,"St. Mary's Convent School, Shastri Nagar",1,India,2,Uttar Pradesh,8,Ghaziabad,13,Ghaziabad,1792,Shastri Nagar,,,201015
862,"St. Xavier's High School, Ghaziabad",1,India,2,Uttar Pradesh,8,Ghaziabad,13,Ghaziabad,1790,Shahpur Bamheta,,,201001
860,Silver Line Prestige School,1,India,2,Uttar Pradesh,8,Ghaziabad,13,Ghaziabad,1744,Nehru nagar,,,201001
857,"Delhi Public School, Morta",1,India,2,Uttar Pradesh,8,Ghaziabad,13,Ghaziabad,1730,Morta,,,201001
856,Uttam School For Girls,1,India,2,Uttar Pradesh,8,Ghaziabad,13,Ghaziabad,1792,Shastri nagar,,,201015
855,"Mount Litera Zee School, Mohan Nagar",1,India,2,Uttar Pradesh,8,Ghaziabad,13,Ghaziabad,1728,Mohan Nagar (Ghaziabad),,,201007
319,NIMT School,1,India,2,Uttar Pradesh,8,Ghaziabad,13,Ghaziabad,1792,Shastri Nagar,,,201015
309,J.P. Public Jr. High School,1,India,2,Uttar Pradesh,8,Ghaziabad,13,Ghaziabad,1716,Loni,,,201102
265,"Kaushalya World School, Dadri",1,India,2,Uttar Pradesh,8,Ghaziabad,13,Ghaziabad,1642,Dadri,,,203207
1832,GANGA INTERNATIONAL SCHOOL KABLANA,1,India,3,Haryana,11,Jhajjar,16,Jhajjar,3125,Kablana,,,124104
1789,Modern Public School Bhiwadi Adharshila,1,India,5,Rajasthan,10,Alwar,15,Alwar,2655,Bhiwadi,,,301019